Id,PuzzleId,State,GridValue,MoveIds
78501,help1.1,help1.1:start:['start'],start,['start']
71171,help1.1,help1.1:success:['success'],success,['success']
19758,help1.1,help1.1:failure:['failure'],failure,['failure']
27710,help1.1,help1.1:partial:['partial'],partial,['partial']
82756,help1.1,help1.1:correct:['hint:The shape Shell was not the sauce Tomato:APPLY_NOT'],correct,['hint:The shape Shell was not the sauce Tomato:APPLY_NOT']
36438,help1.1,"help1.1:correct:['hint:The sauce Alfredo is the shape Bowtie:APPLY_IS', 'hint:The shape Shell was not the sauce Tomato:APPLY_NOT']",correct,"['hint:The sauce Alfredo is the shape Bowtie:APPLY_IS', 'hint:The shape Shell was not the sauce Tomato:APPLY_NOT']"
28341,help1.1,"help1.1:correct:['cross outs::CROSS_OUT', 'hint:The sauce Alfredo is the shape Bowtie:APPLY_IS', 'hint:The shape Shell was not the sauce Tomato:APPLY_NOT']",correct,"['cross outs::CROSS_OUT', 'hint:The sauce Alfredo is the shape Bowtie:APPLY_IS', 'hint:The shape Shell was not the sauce Tomato:APPLY_NOT']"
15297,help1.1,"help1.1:correct:['hint:Either the shape Elbow is the sauce Carbonara or the shape Shell is the sauce Alfredo:APPLY_OR', 'hint:The sauce Alfredo is the shape Bowtie:APPLY_IS', 'hint:The shape Shell was not the sauce Tomato:APPLY_NOT']",correct,"['hint:Either the shape Elbow is the sauce Carbonara or the shape Shell is the sauce Alfredo:APPLY_OR', 'hint:The sauce Alfredo is the shape Bowtie:APPLY_IS', 'hint:The shape Shell was not the sauce Tomato:APPLY_NOT']"
65982,help1.1,"help1.1:correct:['cross outs::CROSS_OUT', 'hint:Either the shape Elbow is the sauce Carbonara or the shape Shell is the sauce Alfredo:APPLY_OR', 'hint:The sauce Alfredo is the shape Bowtie:APPLY_IS', 'hint:The shape Shell was not the sauce Tomato:APPLY_NOT']",correct,"['cross outs::CROSS_OUT', 'hint:Either the shape Elbow is the sauce Carbonara or the shape Shell is the sauce Alfredo:APPLY_OR', 'hint:The sauce Alfredo is the shape Bowtie:APPLY_IS', 'hint:The shape Shell was not the sauce Tomato:APPLY_NOT']"
25605,help1.2,help1.2:start:['start'],start,['start']
88132,help1.2,help1.2:success:['success'],success,['success']
26448,help1.2,help1.2:failure:['failure'],failure,['failure']
13080,help1.2,help1.2:partial:['partial'],partial,['partial']
54765,help1.2,help1.2:correct:['hint:The shape Linguine was not the sauce Carbonara:APPLY_NOT'],correct,['hint:The shape Linguine was not the sauce Carbonara:APPLY_NOT']
86481,help1.2,"help1.2:correct:['hint:The shape Bowtie is the sauce Alfredo:APPLY_IS', 'hint:The shape Linguine was not the sauce Carbonara:APPLY_NOT']",correct,"['hint:The shape Bowtie is the sauce Alfredo:APPLY_IS', 'hint:The shape Linguine was not the sauce Carbonara:APPLY_NOT']"
89261,help1.2,"help1.2:correct:['hint:The shape Bowtie is the sauce Alfredo:APPLY_IS', 'hint:The shape Linguine was not the sauce Carbonara:APPLY_NOT', 'unknown::None']",correct,"['hint:The shape Bowtie is the sauce Alfredo:APPLY_IS', 'hint:The shape Linguine was not the sauce Carbonara:APPLY_NOT', 'unknown::None']"
12367,help1.2,"help1.2:correct:['hint:Either the shape Elbow is the sauce Pesto or the shape Bowtie is the sauce Tomato:APPLY_OR', 'hint:The shape Bowtie is the sauce Alfredo:APPLY_IS', 'hint:The shape Linguine was not the sauce Carbonara:APPLY_NOT']",correct,"['hint:Either the shape Elbow is the sauce Pesto or the shape Bowtie is the sauce Tomato:APPLY_OR', 'hint:The shape Bowtie is the sauce Alfredo:APPLY_IS', 'hint:The shape Linguine was not the sauce Carbonara:APPLY_NOT']"
88442,help1.2,"help1.2:correct:['cross outs::CROSS_OUT', 'hint:Either the shape Elbow is the sauce Pesto or the shape Bowtie is the sauce Tomato:APPLY_OR', 'hint:The shape Bowtie is the sauce Alfredo:APPLY_IS', 'hint:The shape Linguine was not the sauce Carbonara:APPLY_NOT']",correct,"['cross outs::CROSS_OUT', 'hint:Either the shape Elbow is the sauce Pesto or the shape Bowtie is the sauce Tomato:APPLY_OR', 'hint:The shape Bowtie is the sauce Alfredo:APPLY_IS', 'hint:The shape Linguine was not the sauce Carbonara:APPLY_NOT']"
74891,help1.3,help1.3:start:['start'],start,['start']
83053,help1.3,help1.3:success:['success'],success,['success']
27517,help1.3,help1.3:failure:['failure'],failure,['failure']
41488,help1.3,help1.3:partial:['partial'],partial,['partial']
60628,help1.3,help1.3:correct:['hint:The sauce Alfredo is the shape Elbow:APPLY_IS'],correct,['hint:The sauce Alfredo is the shape Elbow:APPLY_IS']
86073,help1.3,"help1.3:correct:['hint:The sauce Alfredo is the shape Elbow:APPLY_IS', 'hint:The shape Shell was not the sauce Tomato:APPLY_NOT']",correct,"['hint:The sauce Alfredo is the shape Elbow:APPLY_IS', 'hint:The shape Shell was not the sauce Tomato:APPLY_NOT']"
38292,help1.3,"help1.3:correct:['cross outs::CROSS_OUT', 'hint:The sauce Alfredo is the shape Elbow:APPLY_IS', 'hint:The shape Shell was not the sauce Tomato:APPLY_NOT']",correct,"['cross outs::CROSS_OUT', 'hint:The sauce Alfredo is the shape Elbow:APPLY_IS', 'hint:The shape Shell was not the sauce Tomato:APPLY_NOT']"
39118,help1.3,"help1.3:correct:['hint:Either the shape Linguine or the shape Elbow is the sauce Carbonara:APPLY_OR', 'hint:The sauce Alfredo is the shape Elbow:APPLY_IS', 'hint:The shape Shell was not the sauce Tomato:APPLY_NOT']",correct,"['hint:Either the shape Linguine or the shape Elbow is the sauce Carbonara:APPLY_OR', 'hint:The sauce Alfredo is the shape Elbow:APPLY_IS', 'hint:The shape Shell was not the sauce Tomato:APPLY_NOT']"
52114,help1.3,"help1.3:correct:['cross outs::CROSS_OUT', 'hint:Either the shape Linguine or the shape Elbow is the sauce Carbonara:APPLY_OR', 'hint:The sauce Alfredo is the shape Elbow:APPLY_IS', 'hint:The shape Shell was not the sauce Tomato:APPLY_NOT']",correct,"['cross outs::CROSS_OUT', 'hint:Either the shape Linguine or the shape Elbow is the sauce Carbonara:APPLY_OR', 'hint:The sauce Alfredo is the shape Elbow:APPLY_IS', 'hint:The shape Shell was not the sauce Tomato:APPLY_NOT']"
69711,help2.1,help2.1:start:['start'],start,['start']
57507,help2.1,help2.1:success:['success'],success,['success']
33989,help2.1,help2.1:failure:['failure'],failure,['failure']
73214,help2.1,help2.1:partial:['partial'],partial,['partial']
56409,help2.1,help2.1:correct:['hint:Either the light Full Sun or the light Partial Shade is the plant Green Onions:SIMPLE_OR_SAME_CAT'],correct,['hint:Either the light Full Sun or the light Partial Shade is the plant Green Onions:SIMPLE_OR_SAME_CAT']
46801,help2.1,"help2.1:correct:['hint:Either the light Full Sun or the light Partial Shade is the plant Green Onions:SIMPLE_OR_SAME_CAT', 'hint:Either the plant Green Onions or the plant Eggplant is the light Partial Sun:APPLY_OR']",correct,"['hint:Either the light Full Sun or the light Partial Shade is the plant Green Onions:SIMPLE_OR_SAME_CAT', 'hint:Either the plant Green Onions or the plant Eggplant is the light Partial Sun:APPLY_OR']"
54172,help2.1,"help2.1:correct:['cross outs::CROSS_OUT', 'hint:Either the light Full Sun or the light Partial Shade is the plant Green Onions:SIMPLE_OR_SAME_CAT', 'hint:Either the plant Green Onions or the plant Eggplant is the light Partial Sun:APPLY_OR']",correct,"['cross outs::CROSS_OUT', 'hint:Either the light Full Sun or the light Partial Shade is the plant Green Onions:SIMPLE_OR_SAME_CAT', 'hint:Either the plant Green Onions or the plant Eggplant is the light Partial Sun:APPLY_OR']"
61223,help2.1,"help2.1:correct:['hint:Either the light Full Sun or the light Partial Shade is the plant Green Onions:SIMPLE_OR_SAME_CAT', 'hint:Either the plant Green Onions or the plant Eggplant is the light Partial Sun:APPLY_OR', 'hint:Either the plant Potatoes is the light Full Sun or the plant Eggplant is the light Full Shade:APPLY_OR']",correct,"['hint:Either the light Full Sun or the light Partial Shade is the plant Green Onions:SIMPLE_OR_SAME_CAT', 'hint:Either the plant Green Onions or the plant Eggplant is the light Partial Sun:APPLY_OR', 'hint:Either the plant Potatoes is the light Full Sun or the plant Eggplant is the light Full Shade:APPLY_OR']"
92379,help2.1,"help2.1:correct:['cross outs::CROSS_OUT', 'hint:Either the light Full Sun or the light Partial Shade is the plant Green Onions:SIMPLE_OR_SAME_CAT', 'hint:Either the plant Green Onions or the plant Eggplant is the light Partial Sun:APPLY_OR', 'hint:Either the plant Potatoes is the light Full Sun or the plant Eggplant is the light Full Shade:APPLY_OR']",correct,"['cross outs::CROSS_OUT', 'hint:Either the light Full Sun or the light Partial Shade is the plant Green Onions:SIMPLE_OR_SAME_CAT', 'hint:Either the plant Green Onions or the plant Eggplant is the light Partial Sun:APPLY_OR', 'hint:Either the plant Potatoes is the light Full Sun or the plant Eggplant is the light Full Shade:APPLY_OR']"
45772,help2.2,help2.2:start:['start'],start,['start']
98670,help2.2,help2.2:success:['success'],success,['success']
95462,help2.2,help2.2:failure:['failure'],failure,['failure']
10041,help2.2,help2.2:partial:['partial'],partial,['partial']
71740,help2.2,help2.2:correct:['hint:The plant Broccoli is the light Partial Shade:APPLY_IS'],correct,['hint:The plant Broccoli is the light Partial Shade:APPLY_IS']
88213,help2.2,"help2.2:correct:['cross outs::CROSS_OUT', 'hint:The plant Broccoli is the light Partial Shade:APPLY_IS']",correct,"['cross outs::CROSS_OUT', 'hint:The plant Broccoli is the light Partial Shade:APPLY_IS']"
19453,help2.2,"help2.2:correct:['hint:Either the light Full Shade or the light Partial Sun is the plant Potatoes:SIMPLE_OR_SAME_CAT', 'hint:The plant Broccoli is the light Partial Shade:APPLY_IS']",correct,"['hint:Either the light Full Shade or the light Partial Sun is the plant Potatoes:SIMPLE_OR_SAME_CAT', 'hint:The plant Broccoli is the light Partial Shade:APPLY_IS']"
85907,help2.2,"help2.2:correct:['hint:Either the light Full Shade is the plant Eggplant or the light Full Shade is the plant Broccoli:SIMPLE_OR_SAME_CAT', 'hint:Either the light Full Shade or the light Partial Sun is the plant Potatoes:SIMPLE_OR_SAME_CAT', 'hint:The plant Broccoli is the light Partial Shade:APPLY_IS']",correct,"['hint:Either the light Full Shade is the plant Eggplant or the light Full Shade is the plant Broccoli:SIMPLE_OR_SAME_CAT', 'hint:Either the light Full Shade or the light Partial Sun is the plant Potatoes:SIMPLE_OR_SAME_CAT', 'hint:The plant Broccoli is the light Partial Shade:APPLY_IS']"
74980,help2.2,"help2.2:correct:['hint:Either the light Full Shade is the plant Eggplant or the light Full Shade is the plant Broccoli:APPLY_OR', 'hint:Either the light Full Shade is the plant Eggplant or the light Full Shade is the plant Broccoli:SIMPLE_OR_SAME_CAT', 'hint:Either the light Full Shade or the light Partial Sun is the plant Potatoes:SIMPLE_OR_SAME_CAT', 'hint:The plant Broccoli is the light Partial Shade:APPLY_IS']",correct,"['hint:Either the light Full Shade is the plant Eggplant or the light Full Shade is the plant Broccoli:APPLY_OR', 'hint:Either the light Full Shade is the plant Eggplant or the light Full Shade is the plant Broccoli:SIMPLE_OR_SAME_CAT', 'hint:Either the light Full Shade or the light Partial Sun is the plant Potatoes:SIMPLE_OR_SAME_CAT', 'hint:The plant Broccoli is the light Partial Shade:APPLY_IS']"
18769,help2.2,"help2.2:correct:['cross outs::CROSS_OUT', 'hint:Either the light Full Shade is the plant Eggplant or the light Full Shade is the plant Broccoli:APPLY_OR', 'hint:Either the light Full Shade is the plant Eggplant or the light Full Shade is the plant Broccoli:SIMPLE_OR_SAME_CAT', 'hint:Either the light Full Shade or the light Partial Sun is the plant Potatoes:SIMPLE_OR_SAME_CAT', 'hint:The plant Broccoli is the light Partial Shade:APPLY_IS']",correct,"['cross outs::CROSS_OUT', 'hint:Either the light Full Shade is the plant Eggplant or the light Full Shade is the plant Broccoli:APPLY_OR', 'hint:Either the light Full Shade is the plant Eggplant or the light Full Shade is the plant Broccoli:SIMPLE_OR_SAME_CAT', 'hint:Either the light Full Shade or the light Partial Sun is the plant Potatoes:SIMPLE_OR_SAME_CAT', 'hint:The plant Broccoli is the light Partial Shade:APPLY_IS']"
89745,help2.3,help2.3:start:['start'],start,['start']
69983,help2.3,help2.3:success:['success'],success,['success']
63409,help2.3,help2.3:failure:['failure'],failure,['failure']
65890,help2.3,help2.3:partial:['partial'],partial,['partial']
80790,help2.3,help2.3:correct:['hint:The light Full Sun is the plant Broccoli:APPLY_IS'],correct,['hint:The light Full Sun is the plant Broccoli:APPLY_IS']
12349,help2.3,"help2.3:correct:['cross outs::CROSS_OUT', 'hint:The light Full Sun is the plant Broccoli:APPLY_IS']",correct,"['cross outs::CROSS_OUT', 'hint:The light Full Sun is the plant Broccoli:APPLY_IS']"
52340,help2.3,"help2.3:correct:['hint:Either the light Full Shade or the light Partial Sun is the plant Potatoes:SIMPLE_OR_SAME_CAT', 'hint:The light Full Sun is the plant Broccoli:APPLY_IS']",correct,"['hint:Either the light Full Shade or the light Partial Sun is the plant Potatoes:SIMPLE_OR_SAME_CAT', 'hint:The light Full Sun is the plant Broccoli:APPLY_IS']"
60988,help2.3,"help2.3:correct:['hint:Either the light Full Shade is the plant Eggplant or the light Full Shade is the plant Broccoli:SIMPLE_OR_SAME_CAT', 'hint:Either the light Full Shade or the light Partial Sun is the plant Potatoes:SIMPLE_OR_SAME_CAT', 'hint:The light Full Sun is the plant Broccoli:APPLY_IS']",correct,"['hint:Either the light Full Shade is the plant Eggplant or the light Full Shade is the plant Broccoli:SIMPLE_OR_SAME_CAT', 'hint:Either the light Full Shade or the light Partial Sun is the plant Potatoes:SIMPLE_OR_SAME_CAT', 'hint:The light Full Sun is the plant Broccoli:APPLY_IS']"
56658,help2.3,"help2.3:correct:['cross outs::CROSS_OUT', 'hint:Either the light Full Shade is the plant Eggplant or the light Full Shade is the plant Broccoli:SIMPLE_OR_SAME_CAT', 'hint:Either the light Full Shade or the light Partial Sun is the plant Potatoes:SIMPLE_OR_SAME_CAT', 'hint:The light Full Sun is the plant Broccoli:APPLY_IS']",correct,"['cross outs::CROSS_OUT', 'hint:Either the light Full Shade is the plant Eggplant or the light Full Shade is the plant Broccoli:SIMPLE_OR_SAME_CAT', 'hint:Either the light Full Shade or the light Partial Sun is the plant Potatoes:SIMPLE_OR_SAME_CAT', 'hint:The light Full Sun is the plant Broccoli:APPLY_IS']"
71917,help2.3,"help2.3:correct:['hint:Either the light Full Shade is the plant Eggplant or the light Full Shade is the plant Broccoli:SIMPLE_OR_SAME_CAT', 'hint:Either the light Full Shade or the light Partial Sun is the plant Potatoes:SIMPLE_OR_SAME_CAT', 'hint:The light Full Sun is the plant Broccoli:APPLY_IS', 'unknown::None']",correct,"['hint:Either the light Full Shade is the plant Eggplant or the light Full Shade is the plant Broccoli:SIMPLE_OR_SAME_CAT', 'hint:Either the light Full Shade or the light Partial Sun is the plant Potatoes:SIMPLE_OR_SAME_CAT', 'hint:The light Full Sun is the plant Broccoli:APPLY_IS', 'unknown::None']"
96534,hub2.1,hub2.1:start:['start'],start,['start']
52277,hub2.1,hub2.1:success:['success'],success,['success']
52531,hub2.1,hub2.1:failure:['failure'],failure,['failure']
74173,hub2.1,hub2.1:partial:['partial'],partial,['partial']
12638,hub2.1,hub2.1:correct:['hint:The method whole is the ingredient Mushrooms:APPLY_IS'],correct,['hint:The method whole is the ingredient Mushrooms:APPLY_IS']
31920,hub2.1,"hub2.1:correct:['cross outs::CROSS_OUT', 'hint:The method whole is the ingredient Mushrooms:APPLY_IS']",correct,"['cross outs::CROSS_OUT', 'hint:The method whole is the ingredient Mushrooms:APPLY_IS']"
39054,hub2.1,"hub2.1:correct:['hint:The method whole is the ingredient Mushrooms:APPLY_IS', 'unknown::None']",correct,"['hint:The method whole is the ingredient Mushrooms:APPLY_IS', 'unknown::None']"
56493,hub2.1,"hub2.1:incorrect:['hint:The method whole is the ingredient Mushrooms:APPLY_IS', 'unknown::None']",incorrect,"['hint:The method whole is the ingredient Mushrooms:APPLY_IS', 'unknown::None']"
45891,hub2.1,"hub2.1:correct:['hint:Either the ingredient Onions or the ingredient Potatoes is the order 2nd:SIMPLE_OR_SAME_CAT', 'hint:The method whole is the ingredient Mushrooms:APPLY_IS']",correct,"['hint:Either the ingredient Onions or the ingredient Potatoes is the order 2nd:SIMPLE_OR_SAME_CAT', 'hint:The method whole is the ingredient Mushrooms:APPLY_IS']"
47018,hub2.1,"hub2.1:correct:['hint:Either the ingredient Onions or the ingredient Potatoes is the order 2nd:SIMPLE_OR_SAME_CAT', 'hint:The method whole is 2 orders before the method mashed:BEFORE_N_SPOTS_NOINFO', 'hint:The method whole is the ingredient Mushrooms:APPLY_IS']",correct,"['hint:Either the ingredient Onions or the ingredient Potatoes is the order 2nd:SIMPLE_OR_SAME_CAT', 'hint:The method whole is 2 orders before the method mashed:BEFORE_N_SPOTS_NOINFO', 'hint:The method whole is the ingredient Mushrooms:APPLY_IS']"
42964,hub2.1,"hub2.1:correct:['hint:Either the ingredient Onions or the ingredient Potatoes is the order 2nd:SIMPLE_OR_SAME_CAT', 'hint:The ingredient Potatoes is 1 orders before the ingredient Onions:BEFORE_N_SPOTS_NOINFO', 'hint:The method whole is 2 orders before the method mashed:BEFORE_N_SPOTS_NOINFO', 'hint:The method whole is the ingredient Mushrooms:APPLY_IS']",correct,"['hint:Either the ingredient Onions or the ingredient Potatoes is the order 2nd:SIMPLE_OR_SAME_CAT', 'hint:The ingredient Potatoes is 1 orders before the ingredient Onions:BEFORE_N_SPOTS_NOINFO', 'hint:The method whole is 2 orders before the method mashed:BEFORE_N_SPOTS_NOINFO', 'hint:The method whole is the ingredient Mushrooms:APPLY_IS']"
31788,hub2.1,"hub2.1:correct:['hint:Either the ingredient Onions or the ingredient Potatoes is the order 2nd:SIMPLE_OR_SAME_CAT', 'hint:The ingredient Potatoes is 1 orders before the ingredient Onions:BEFORE_N_SPOTS_NOINFO', 'hint:The method whole is 2 orders before the method mashed:BEFORE_N_SPOTS_NOINFO', 'hint:The method whole is the ingredient Mushrooms:APPLY_IS', 'openings::TRANS_SETS']",correct,"['hint:Either the ingredient Onions or the ingredient Potatoes is the order 2nd:SIMPLE_OR_SAME_CAT', 'hint:The ingredient Potatoes is 1 orders before the ingredient Onions:BEFORE_N_SPOTS_NOINFO', 'hint:The method whole is 2 orders before the method mashed:BEFORE_N_SPOTS_NOINFO', 'hint:The method whole is the ingredient Mushrooms:APPLY_IS', 'openings::TRANS_SETS']"
38019,hub2.1,"hub2.1:correct:['hint:Either the ingredient Onions or the ingredient Potatoes is the order 2nd:SIMPLE_OR_SAME_CAT', 'hint:The ingredient Potatoes is 1 orders before the ingredient Onions:BEFORE_N_SPOTS_NOINFO', 'hint:The method whole is 2 orders before the method mashed:BEFORE_N_SPOTS_NOINFO', 'hint:The method whole is the ingredient Mushrooms:APPLY_IS', 'openings::TRANS_SETS', 'transitives::OPENING']",correct,"['hint:Either the ingredient Onions or the ingredient Potatoes is the order 2nd:SIMPLE_OR_SAME_CAT', 'hint:The ingredient Potatoes is 1 orders before the ingredient Onions:BEFORE_N_SPOTS_NOINFO', 'hint:The method whole is 2 orders before the method mashed:BEFORE_N_SPOTS_NOINFO', 'hint:The method whole is the ingredient Mushrooms:APPLY_IS', 'openings::TRANS_SETS', 'transitives::OPENING']"
17986,hub2.1,"hub2.1:correct:['cross outs::CROSS_OUT', 'hint:Either the ingredient Onions or the ingredient Potatoes is the order 2nd:SIMPLE_OR_SAME_CAT', 'hint:The ingredient Potatoes is 1 orders before the ingredient Onions:BEFORE_N_SPOTS_NOINFO', 'hint:The method whole is 2 orders before the method mashed:BEFORE_N_SPOTS_NOINFO', 'hint:The method whole is the ingredient Mushrooms:APPLY_IS', 'openings::TRANS_SETS']",correct,"['cross outs::CROSS_OUT', 'hint:Either the ingredient Onions or the ingredient Potatoes is the order 2nd:SIMPLE_OR_SAME_CAT', 'hint:The ingredient Potatoes is 1 orders before the ingredient Onions:BEFORE_N_SPOTS_NOINFO', 'hint:The method whole is 2 orders before the method mashed:BEFORE_N_SPOTS_NOINFO', 'hint:The method whole is the ingredient Mushrooms:APPLY_IS', 'openings::TRANS_SETS']"
63302,hub2.1,"hub2.1:correct:['hint:Either the ingredient Onions or the ingredient Potatoes is the order 2nd:SIMPLE_OR_SAME_CAT', 'hint:The ingredient Potatoes is 1 orders before the ingredient Onions:BEFORE_N_SPOTS_NOINFO', 'hint:The method whole is 2 orders before the method mashed:BEFORE_N_SPOTS_NOINFO', 'hint:The method whole is the ingredient Mushrooms:APPLY_IS', 'openings::TRANS_ABC_TRUE', 'openings::TRANS_SETS']",correct,"['hint:Either the ingredient Onions or the ingredient Potatoes is the order 2nd:SIMPLE_OR_SAME_CAT', 'hint:The ingredient Potatoes is 1 orders before the ingredient Onions:BEFORE_N_SPOTS_NOINFO', 'hint:The method whole is 2 orders before the method mashed:BEFORE_N_SPOTS_NOINFO', 'hint:The method whole is the ingredient Mushrooms:APPLY_IS', 'openings::TRANS_ABC_TRUE', 'openings::TRANS_SETS']"
53945,hub2.1,"hub2.1:correct:['cross outs::CROSS_OUT', 'hint:Either the ingredient Onions or the ingredient Potatoes is the order 2nd:SIMPLE_OR_SAME_CAT', 'hint:The ingredient Potatoes is 1 orders before the ingredient Onions:BEFORE_N_SPOTS_NOINFO', 'hint:The method whole is 2 orders before the method mashed:BEFORE_N_SPOTS_NOINFO', 'hint:The method whole is the ingredient Mushrooms:APPLY_IS', 'openings::TRANS_ABC_TRUE', 'openings::TRANS_SETS']",correct,"['cross outs::CROSS_OUT', 'hint:Either the ingredient Onions or the ingredient Potatoes is the order 2nd:SIMPLE_OR_SAME_CAT', 'hint:The ingredient Potatoes is 1 orders before the ingredient Onions:BEFORE_N_SPOTS_NOINFO', 'hint:The method whole is 2 orders before the method mashed:BEFORE_N_SPOTS_NOINFO', 'hint:The method whole is the ingredient Mushrooms:APPLY_IS', 'openings::TRANS_ABC_TRUE', 'openings::TRANS_SETS']"
75883,hub2.1,"hub2.1:correct:['hint:Either the ingredient Onions or the ingredient Potatoes is the order 2nd:SIMPLE_OR_SAME_CAT', 'hint:Either the order 1st is the method mashed or the method halved is the ingredient Carrots:APPLY_OR', 'hint:The ingredient Potatoes is 1 orders before the ingredient Onions:BEFORE_N_SPOTS_NOINFO', 'hint:The method whole is 2 orders before the method mashed:BEFORE_N_SPOTS_NOINFO', 'hint:The method whole is the ingredient Mushrooms:APPLY_IS', 'openings::TRANS_ABC_TRUE', 'openings::TRANS_SETS']",correct,"['hint:Either the ingredient Onions or the ingredient Potatoes is the order 2nd:SIMPLE_OR_SAME_CAT', 'hint:Either the order 1st is the method mashed or the method halved is the ingredient Carrots:APPLY_OR', 'hint:The ingredient Potatoes is 1 orders before the ingredient Onions:BEFORE_N_SPOTS_NOINFO', 'hint:The method whole is 2 orders before the method mashed:BEFORE_N_SPOTS_NOINFO', 'hint:The method whole is the ingredient Mushrooms:APPLY_IS', 'openings::TRANS_ABC_TRUE', 'openings::TRANS_SETS']"
94597,hub2.1,"hub2.1:correct:['cross outs::CROSS_OUT', 'hint:Either the ingredient Onions or the ingredient Potatoes is the order 2nd:SIMPLE_OR_SAME_CAT', 'hint:Either the order 1st is the method mashed or the method halved is the ingredient Carrots:APPLY_OR', 'hint:The ingredient Potatoes is 1 orders before the ingredient Onions:BEFORE_N_SPOTS_NOINFO', 'hint:The method whole is 2 orders before the method mashed:BEFORE_N_SPOTS_NOINFO', 'hint:The method whole is the ingredient Mushrooms:APPLY_IS', 'openings::TRANS_ABC_TRUE', 'openings::TRANS_SETS']",correct,"['cross outs::CROSS_OUT', 'hint:Either the ingredient Onions or the ingredient Potatoes is the order 2nd:SIMPLE_OR_SAME_CAT', 'hint:Either the order 1st is the method mashed or the method halved is the ingredient Carrots:APPLY_OR', 'hint:The ingredient Potatoes is 1 orders before the ingredient Onions:BEFORE_N_SPOTS_NOINFO', 'hint:The method whole is 2 orders before the method mashed:BEFORE_N_SPOTS_NOINFO', 'hint:The method whole is the ingredient Mushrooms:APPLY_IS', 'openings::TRANS_ABC_TRUE', 'openings::TRANS_SETS']"
56017,hub2.1,"hub2.1:correct:['hint:Either the ingredient Onions or the ingredient Potatoes is the order 2nd:SIMPLE_OR_SAME_CAT', 'hint:Either the order 1st is the method mashed or the method halved is the ingredient Carrots:APPLY_OR', 'hint:The ingredient Potatoes is 1 orders before the ingredient Onions:BEFORE_N_SPOTS_NOINFO', 'hint:The method whole is 2 orders before the method mashed:APPLY_BEFORE_N_SPOTS', 'hint:The method whole is 2 orders before the method mashed:BEFORE_N_SPOTS_NOINFO', 'hint:The method whole is the ingredient Mushrooms:APPLY_IS', 'openings::TRANS_ABC_TRUE', 'openings::TRANS_SETS']",correct,"['hint:Either the ingredient Onions or the ingredient Potatoes is the order 2nd:SIMPLE_OR_SAME_CAT', 'hint:Either the order 1st is the method mashed or the method halved is the ingredient Carrots:APPLY_OR', 'hint:The ingredient Potatoes is 1 orders before the ingredient Onions:BEFORE_N_SPOTS_NOINFO', 'hint:The method whole is 2 orders before the method mashed:APPLY_BEFORE_N_SPOTS', 'hint:The method whole is 2 orders before the method mashed:BEFORE_N_SPOTS_NOINFO', 'hint:The method whole is the ingredient Mushrooms:APPLY_IS', 'openings::TRANS_ABC_TRUE', 'openings::TRANS_SETS']"
11100,hub2.1,"hub2.1:correct:['cross outs::CROSS_OUT', 'hint:Either the ingredient Onions or the ingredient Potatoes is the order 2nd:SIMPLE_OR_SAME_CAT', 'hint:Either the order 1st is the method mashed or the method halved is the ingredient Carrots:APPLY_OR', 'hint:The ingredient Potatoes is 1 orders before the ingredient Onions:BEFORE_N_SPOTS_NOINFO', 'hint:The method whole is 2 orders before the method mashed:APPLY_BEFORE_N_SPOTS', 'hint:The method whole is 2 orders before the method mashed:BEFORE_N_SPOTS_NOINFO', 'hint:The method whole is the ingredient Mushrooms:APPLY_IS', 'openings::TRANS_ABC_TRUE', 'openings::TRANS_SETS']",correct,"['cross outs::CROSS_OUT', 'hint:Either the ingredient Onions or the ingredient Potatoes is the order 2nd:SIMPLE_OR_SAME_CAT', 'hint:Either the order 1st is the method mashed or the method halved is the ingredient Carrots:APPLY_OR', 'hint:The ingredient Potatoes is 1 orders before the ingredient Onions:BEFORE_N_SPOTS_NOINFO', 'hint:The method whole is 2 orders before the method mashed:APPLY_BEFORE_N_SPOTS', 'hint:The method whole is 2 orders before the method mashed:BEFORE_N_SPOTS_NOINFO', 'hint:The method whole is the ingredient Mushrooms:APPLY_IS', 'openings::TRANS_ABC_TRUE', 'openings::TRANS_SETS']"
15961,hub2.1,"hub2.1:correct:['hint:Either the ingredient Onions or the ingredient Potatoes is the order 2nd:SIMPLE_OR_SAME_CAT', 'hint:Either the order 1st is the method mashed or the method halved is the ingredient Carrots:APPLY_OR', 'hint:The ingredient Potatoes is 1 orders before the ingredient Onions:BEFORE_N_SPOTS_NOINFO', 'hint:The method whole is 2 orders before the method mashed:APPLY_BEFORE_N_SPOTS', 'hint:The method whole is 2 orders before the method mashed:BEFORE_N_SPOTS_NOINFO', 'hint:The method whole is the ingredient Mushrooms:APPLY_IS', 'openings::TRANS_ABC_TRUE', 'openings::TRANS_SETS', 'transitives::OPENING']",correct,"['hint:Either the ingredient Onions or the ingredient Potatoes is the order 2nd:SIMPLE_OR_SAME_CAT', 'hint:Either the order 1st is the method mashed or the method halved is the ingredient Carrots:APPLY_OR', 'hint:The ingredient Potatoes is 1 orders before the ingredient Onions:BEFORE_N_SPOTS_NOINFO', 'hint:The method whole is 2 orders before the method mashed:APPLY_BEFORE_N_SPOTS', 'hint:The method whole is 2 orders before the method mashed:BEFORE_N_SPOTS_NOINFO', 'hint:The method whole is the ingredient Mushrooms:APPLY_IS', 'openings::TRANS_ABC_TRUE', 'openings::TRANS_SETS', 'transitives::OPENING']"
79998,hub2.1,"hub2.1:correct:['hint:Either the ingredient Onions or the ingredient Potatoes is the order 2nd:SIMPLE_OR_SAME_CAT', 'hint:Either the order 1st is the method mashed or the method halved is the ingredient Carrots:APPLY_OR', 'hint:The ingredient Potatoes is 1 orders before the ingredient Onions:BEFORE_N_SPOTS_NOINFO', 'hint:The ingredient Potatoes is 1 orders before the ingredient Onions:BEFORE_N_SPOTS_SHIFT', 'hint:The method whole is 2 orders before the method mashed:APPLY_BEFORE_N_SPOTS', 'hint:The method whole is 2 orders before the method mashed:BEFORE_N_SPOTS_NOINFO', 'hint:The method whole is the ingredient Mushrooms:APPLY_IS', 'openings::TRANS_ABC_TRUE', 'openings::TRANS_SETS']",correct,"['hint:Either the ingredient Onions or the ingredient Potatoes is the order 2nd:SIMPLE_OR_SAME_CAT', 'hint:Either the order 1st is the method mashed or the method halved is the ingredient Carrots:APPLY_OR', 'hint:The ingredient Potatoes is 1 orders before the ingredient Onions:BEFORE_N_SPOTS_NOINFO', 'hint:The ingredient Potatoes is 1 orders before the ingredient Onions:BEFORE_N_SPOTS_SHIFT', 'hint:The method whole is 2 orders before the method mashed:APPLY_BEFORE_N_SPOTS', 'hint:The method whole is 2 orders before the method mashed:BEFORE_N_SPOTS_NOINFO', 'hint:The method whole is the ingredient Mushrooms:APPLY_IS', 'openings::TRANS_ABC_TRUE', 'openings::TRANS_SETS']"
66612,hub2.1,"hub2.1:correct:['cross outs::CROSS_OUT', 'hint:Either the ingredient Onions or the ingredient Potatoes is the order 2nd:SIMPLE_OR_SAME_CAT', 'hint:Either the order 1st is the method mashed or the method halved is the ingredient Carrots:APPLY_OR', 'hint:The ingredient Potatoes is 1 orders before the ingredient Onions:BEFORE_N_SPOTS_NOINFO', 'hint:The ingredient Potatoes is 1 orders before the ingredient Onions:BEFORE_N_SPOTS_SHIFT', 'hint:The method whole is 2 orders before the method mashed:APPLY_BEFORE_N_SPOTS', 'hint:The method whole is 2 orders before the method mashed:BEFORE_N_SPOTS_NOINFO', 'hint:The method whole is the ingredient Mushrooms:APPLY_IS', 'openings::TRANS_ABC_TRUE', 'openings::TRANS_SETS']",correct,"['cross outs::CROSS_OUT', 'hint:Either the ingredient Onions or the ingredient Potatoes is the order 2nd:SIMPLE_OR_SAME_CAT', 'hint:Either the order 1st is the method mashed or the method halved is the ingredient Carrots:APPLY_OR', 'hint:The ingredient Potatoes is 1 orders before the ingredient Onions:BEFORE_N_SPOTS_NOINFO', 'hint:The ingredient Potatoes is 1 orders before the ingredient Onions:BEFORE_N_SPOTS_SHIFT', 'hint:The method whole is 2 orders before the method mashed:APPLY_BEFORE_N_SPOTS', 'hint:The method whole is 2 orders before the method mashed:BEFORE_N_SPOTS_NOINFO', 'hint:The method whole is the ingredient Mushrooms:APPLY_IS', 'openings::TRANS_ABC_TRUE', 'openings::TRANS_SETS']"
45817,hub2.2,hub2.2:start:['start'],start,['start']
64585,hub2.2,hub2.2:success:['success'],success,['success']
11777,hub2.2,hub2.2:failure:['failure'],failure,['failure']
41877,hub2.2,hub2.2:partial:['partial'],partial,['partial']
59227,hub2.2,hub2.2:correct:['hint:The order 4th is the method halved:APPLY_IS'],correct,['hint:The order 4th is the method halved:APPLY_IS']
75434,hub2.2,"hub2.2:correct:['hint:The method mashed is the ingredient Carrots:APPLY_IS', 'hint:The order 4th is the method halved:APPLY_IS']",correct,"['hint:The method mashed is the ingredient Carrots:APPLY_IS', 'hint:The order 4th is the method halved:APPLY_IS']"
89565,hub2.2,"hub2.2:correct:['hint:The ingredient Onions is the order 4th:APPLY_IS', 'hint:The method mashed is the ingredient Carrots:APPLY_IS', 'hint:The order 4th is the method halved:APPLY_IS']",correct,"['hint:The ingredient Onions is the order 4th:APPLY_IS', 'hint:The method mashed is the ingredient Carrots:APPLY_IS', 'hint:The order 4th is the method halved:APPLY_IS']"
27982,hub2.2,"hub2.2:correct:['cross outs::CROSS_OUT', 'hint:The ingredient Onions is the order 4th:APPLY_IS', 'hint:The method mashed is the ingredient Carrots:APPLY_IS', 'hint:The order 4th is the method halved:APPLY_IS']",correct,"['cross outs::CROSS_OUT', 'hint:The ingredient Onions is the order 4th:APPLY_IS', 'hint:The method mashed is the ingredient Carrots:APPLY_IS', 'hint:The order 4th is the method halved:APPLY_IS']"
74192,hub2.2,"hub2.2:correct:['hint:The ingredient Onions is the order 4th:APPLY_IS', 'hint:The method chopped is 1 orders before the method mashed:BEFORE_N_SPOTS_SHIFT', 'hint:The method mashed is the ingredient Carrots:APPLY_IS', 'hint:The order 4th is the method halved:APPLY_IS']",correct,"['hint:The ingredient Onions is the order 4th:APPLY_IS', 'hint:The method chopped is 1 orders before the method mashed:BEFORE_N_SPOTS_SHIFT', 'hint:The method mashed is the ingredient Carrots:APPLY_IS', 'hint:The order 4th is the method halved:APPLY_IS']"
74646,hub2.2,"hub2.2:correct:['hint:The ingredient Onions is the order 4th:APPLY_IS', 'hint:The method chopped is 1 orders before the method mashed:BEFORE_NOINFO', 'hint:The method chopped is 1 orders before the method mashed:BEFORE_N_SPOTS_SHIFT', 'hint:The method mashed is the ingredient Carrots:APPLY_IS', 'hint:The order 4th is the method halved:APPLY_IS']",correct,"['hint:The ingredient Onions is the order 4th:APPLY_IS', 'hint:The method chopped is 1 orders before the method mashed:BEFORE_NOINFO', 'hint:The method chopped is 1 orders before the method mashed:BEFORE_N_SPOTS_SHIFT', 'hint:The method mashed is the ingredient Carrots:APPLY_IS', 'hint:The order 4th is the method halved:APPLY_IS']"
53030,hub2.2,"hub2.2:correct:['hint:The ingredient Carrots is 1 orders before the ingredient Mushrooms:BEFORE_N_SPOTS_SHIFT', 'hint:The ingredient Onions is the order 4th:APPLY_IS', 'hint:The method chopped is 1 orders before the method mashed:BEFORE_NOINFO', 'hint:The method chopped is 1 orders before the method mashed:BEFORE_N_SPOTS_SHIFT', 'hint:The method mashed is the ingredient Carrots:APPLY_IS', 'hint:The order 4th is the method halved:APPLY_IS']",correct,"['hint:The ingredient Carrots is 1 orders before the ingredient Mushrooms:BEFORE_N_SPOTS_SHIFT', 'hint:The ingredient Onions is the order 4th:APPLY_IS', 'hint:The method chopped is 1 orders before the method mashed:BEFORE_NOINFO', 'hint:The method chopped is 1 orders before the method mashed:BEFORE_N_SPOTS_SHIFT', 'hint:The method mashed is the ingredient Carrots:APPLY_IS', 'hint:The order 4th is the method halved:APPLY_IS']"
60522,hub2.2,"hub2.2:correct:['hint:The ingredient Carrots is 1 orders before the ingredient Mushrooms:BEFORE_NOINFO', 'hint:The ingredient Carrots is 1 orders before the ingredient Mushrooms:BEFORE_N_SPOTS_SHIFT', 'hint:The ingredient Onions is the order 4th:APPLY_IS', 'hint:The method chopped is 1 orders before the method mashed:BEFORE_NOINFO', 'hint:The method chopped is 1 orders before the method mashed:BEFORE_N_SPOTS_SHIFT', 'hint:The method mashed is the ingredient Carrots:APPLY_IS', 'hint:The order 4th is the method halved:APPLY_IS']",correct,"['hint:The ingredient Carrots is 1 orders before the ingredient Mushrooms:BEFORE_NOINFO', 'hint:The ingredient Carrots is 1 orders before the ingredient Mushrooms:BEFORE_N_SPOTS_SHIFT', 'hint:The ingredient Onions is the order 4th:APPLY_IS', 'hint:The method chopped is 1 orders before the method mashed:BEFORE_NOINFO', 'hint:The method chopped is 1 orders before the method mashed:BEFORE_N_SPOTS_SHIFT', 'hint:The method mashed is the ingredient Carrots:APPLY_IS', 'hint:The order 4th is the method halved:APPLY_IS']"
55029,hub2.2,"hub2.2:correct:['hint:The ingredient Carrots is 1 orders before the ingredient Mushrooms:BEFORE_NOINFO', 'hint:The ingredient Carrots is 1 orders before the ingredient Mushrooms:BEFORE_N_SPOTS_SHIFT', 'hint:The ingredient Onions is the order 4th:APPLY_IS', 'hint:The method chopped is 1 orders before the method mashed:BEFORE_NOINFO', 'hint:The method chopped is 1 orders before the method mashed:BEFORE_N_SPOTS_SHIFT', 'hint:The method mashed is the ingredient Carrots:APPLY_IS', 'hint:The order 4th is the method halved:APPLY_IS', 'openings::TRANS_ABC_TRUE']",correct,"['hint:The ingredient Carrots is 1 orders before the ingredient Mushrooms:BEFORE_NOINFO', 'hint:The ingredient Carrots is 1 orders before the ingredient Mushrooms:BEFORE_N_SPOTS_SHIFT', 'hint:The ingredient Onions is the order 4th:APPLY_IS', 'hint:The method chopped is 1 orders before the method mashed:BEFORE_NOINFO', 'hint:The method chopped is 1 orders before the method mashed:BEFORE_N_SPOTS_SHIFT', 'hint:The method mashed is the ingredient Carrots:APPLY_IS', 'hint:The order 4th is the method halved:APPLY_IS', 'openings::TRANS_ABC_TRUE']"
89847,hub2.2,"hub2.2:correct:['cross outs::CROSS_OUT', 'hint:The ingredient Carrots is 1 orders before the ingredient Mushrooms:BEFORE_NOINFO', 'hint:The ingredient Carrots is 1 orders before the ingredient Mushrooms:BEFORE_N_SPOTS_SHIFT', 'hint:The ingredient Onions is the order 4th:APPLY_IS', 'hint:The method chopped is 1 orders before the method mashed:BEFORE_NOINFO', 'hint:The method chopped is 1 orders before the method mashed:BEFORE_N_SPOTS_SHIFT', 'hint:The method mashed is the ingredient Carrots:APPLY_IS', 'hint:The order 4th is the method halved:APPLY_IS', 'openings::TRANS_ABC_TRUE']",correct,"['cross outs::CROSS_OUT', 'hint:The ingredient Carrots is 1 orders before the ingredient Mushrooms:BEFORE_NOINFO', 'hint:The ingredient Carrots is 1 orders before the ingredient Mushrooms:BEFORE_N_SPOTS_SHIFT', 'hint:The ingredient Onions is the order 4th:APPLY_IS', 'hint:The method chopped is 1 orders before the method mashed:BEFORE_NOINFO', 'hint:The method chopped is 1 orders before the method mashed:BEFORE_N_SPOTS_SHIFT', 'hint:The method mashed is the ingredient Carrots:APPLY_IS', 'hint:The order 4th is the method halved:APPLY_IS', 'openings::TRANS_ABC_TRUE']"
91144,hub2.2,"hub2.2:correct:['hint:The ingredient Carrots is 1 orders before the ingredient Mushrooms:BEFORE_NOINFO', 'hint:The ingredient Carrots is 1 orders before the ingredient Mushrooms:BEFORE_N_SPOTS_SHIFT', 'hint:The ingredient Onions is the order 4th:APPLY_IS', 'hint:The method chopped is 1 orders before the method mashed:BEFORE_NOINFO', 'hint:The method chopped is 1 orders before the method mashed:BEFORE_N_SPOTS_SHIFT', 'hint:The method mashed is the ingredient Carrots:APPLY_IS', 'hint:The order 4th is the method halved:APPLY_IS', 'openings::TRANS_ABC_TRUE', 'openings::TRANS_SETS']",correct,"['hint:The ingredient Carrots is 1 orders before the ingredient Mushrooms:BEFORE_NOINFO', 'hint:The ingredient Carrots is 1 orders before the ingredient Mushrooms:BEFORE_N_SPOTS_SHIFT', 'hint:The ingredient Onions is the order 4th:APPLY_IS', 'hint:The method chopped is 1 orders before the method mashed:BEFORE_NOINFO', 'hint:The method chopped is 1 orders before the method mashed:BEFORE_N_SPOTS_SHIFT', 'hint:The method mashed is the ingredient Carrots:APPLY_IS', 'hint:The order 4th is the method halved:APPLY_IS', 'openings::TRANS_ABC_TRUE', 'openings::TRANS_SETS']"
10187,hub2.2,"hub2.2:correct:['hint:The ingredient Carrots is 1 orders before the ingredient Mushrooms:BEFORE_NOINFO', 'hint:The ingredient Carrots is 1 orders before the ingredient Mushrooms:BEFORE_N_SPOTS_SHIFT', 'hint:The ingredient Onions is the order 4th:APPLY_IS', 'hint:The method chopped is 1 orders before the method mashed:BEFORE_NOINFO', 'hint:The method chopped is 1 orders before the method mashed:BEFORE_N_SPOTS_SHIFT', 'hint:The method mashed is the ingredient Carrots:APPLY_IS', 'hint:The order 4th is the method halved:APPLY_IS', 'openings::TRANS_ABC_TRUE', 'openings::TRANS_SETS', 'transitives::OPENING']",correct,"['hint:The ingredient Carrots is 1 orders before the ingredient Mushrooms:BEFORE_NOINFO', 'hint:The ingredient Carrots is 1 orders before the ingredient Mushrooms:BEFORE_N_SPOTS_SHIFT', 'hint:The ingredient Onions is the order 4th:APPLY_IS', 'hint:The method chopped is 1 orders before the method mashed:BEFORE_NOINFO', 'hint:The method chopped is 1 orders before the method mashed:BEFORE_N_SPOTS_SHIFT', 'hint:The method mashed is the ingredient Carrots:APPLY_IS', 'hint:The order 4th is the method halved:APPLY_IS', 'openings::TRANS_ABC_TRUE', 'openings::TRANS_SETS', 'transitives::OPENING']"
50379,hub2.2,"hub2.2:correct:['cross outs::CROSS_OUT', 'hint:The ingredient Carrots is 1 orders before the ingredient Mushrooms:BEFORE_NOINFO', 'hint:The ingredient Carrots is 1 orders before the ingredient Mushrooms:BEFORE_N_SPOTS_SHIFT', 'hint:The ingredient Onions is the order 4th:APPLY_IS', 'hint:The method chopped is 1 orders before the method mashed:BEFORE_NOINFO', 'hint:The method chopped is 1 orders before the method mashed:BEFORE_N_SPOTS_SHIFT', 'hint:The method mashed is the ingredient Carrots:APPLY_IS', 'hint:The order 4th is the method halved:APPLY_IS', 'openings::TRANS_ABC_TRUE', 'openings::TRANS_SETS']",correct,"['cross outs::CROSS_OUT', 'hint:The ingredient Carrots is 1 orders before the ingredient Mushrooms:BEFORE_NOINFO', 'hint:The ingredient Carrots is 1 orders before the ingredient Mushrooms:BEFORE_N_SPOTS_SHIFT', 'hint:The ingredient Onions is the order 4th:APPLY_IS', 'hint:The method chopped is 1 orders before the method mashed:BEFORE_NOINFO', 'hint:The method chopped is 1 orders before the method mashed:BEFORE_N_SPOTS_SHIFT', 'hint:The method mashed is the ingredient Carrots:APPLY_IS', 'hint:The order 4th is the method halved:APPLY_IS', 'openings::TRANS_ABC_TRUE', 'openings::TRANS_SETS']"
40460,hub2.3,hub2.3:start:['start'],start,['start']
16161,hub2.3,hub2.3:success:['success'],success,['success']
45307,hub2.3,hub2.3:failure:['failure'],failure,['failure']
88527,hub2.3,hub2.3:partial:['partial'],partial,['partial']
54521,hub2.3,hub2.3:correct:['hint:The method mashed is the order 2nd:APPLY_IS'],correct,['hint:The method mashed is the order 2nd:APPLY_IS']
67725,hub2.3,"hub2.3:correct:['hint:The method chopped is the ingredient Carrots:APPLY_IS', 'hint:The method mashed is the order 2nd:APPLY_IS']",correct,"['hint:The method chopped is the ingredient Carrots:APPLY_IS', 'hint:The method mashed is the order 2nd:APPLY_IS']"
28204,hub2.3,"hub2.3:correct:['hint:The method chopped is the ingredient Carrots:APPLY_IS', 'hint:The method mashed is the order 2nd:APPLY_IS', 'hint:The method whole is the order 1st:APPLY_IS']",correct,"['hint:The method chopped is the ingredient Carrots:APPLY_IS', 'hint:The method mashed is the order 2nd:APPLY_IS', 'hint:The method whole is the order 1st:APPLY_IS']"
60835,hub2.3,"hub2.3:correct:['cross outs::CROSS_OUT', 'hint:The method chopped is the ingredient Carrots:APPLY_IS', 'hint:The method mashed is the order 2nd:APPLY_IS', 'hint:The method whole is the order 1st:APPLY_IS']",correct,"['cross outs::CROSS_OUT', 'hint:The method chopped is the ingredient Carrots:APPLY_IS', 'hint:The method mashed is the order 2nd:APPLY_IS', 'hint:The method whole is the order 1st:APPLY_IS']"
60661,hub2.3,"hub2.3:correct:['hint:The method chopped is the ingredient Carrots:APPLY_IS', 'hint:The method mashed is the order 2nd:APPLY_IS', 'hint:The method whole is 1 orders before the ingredient Mushrooms:BEFORE_DIFF_CAT', 'hint:The method whole is the order 1st:APPLY_IS']",correct,"['hint:The method chopped is the ingredient Carrots:APPLY_IS', 'hint:The method mashed is the order 2nd:APPLY_IS', 'hint:The method whole is 1 orders before the ingredient Mushrooms:BEFORE_DIFF_CAT', 'hint:The method whole is the order 1st:APPLY_IS']"
89539,hub2.3,"hub2.3:correct:['hint:The method chopped is the ingredient Carrots:APPLY_IS', 'hint:The method mashed is the order 2nd:APPLY_IS', 'hint:The method whole is 1 orders before the ingredient Mushrooms:APPLY_BEFORE_ONE_SPOT', 'hint:The method whole is 1 orders before the ingredient Mushrooms:BEFORE_DIFF_CAT', 'hint:The method whole is the order 1st:APPLY_IS']",correct,"['hint:The method chopped is the ingredient Carrots:APPLY_IS', 'hint:The method mashed is the order 2nd:APPLY_IS', 'hint:The method whole is 1 orders before the ingredient Mushrooms:APPLY_BEFORE_ONE_SPOT', 'hint:The method whole is 1 orders before the ingredient Mushrooms:BEFORE_DIFF_CAT', 'hint:The method whole is the order 1st:APPLY_IS']"
11703,hub2.3,"hub2.3:correct:['cross outs::CROSS_OUT', 'hint:The method chopped is the ingredient Carrots:APPLY_IS', 'hint:The method mashed is the order 2nd:APPLY_IS', 'hint:The method whole is 1 orders before the ingredient Mushrooms:APPLY_BEFORE_ONE_SPOT', 'hint:The method whole is 1 orders before the ingredient Mushrooms:BEFORE_DIFF_CAT', 'hint:The method whole is the order 1st:APPLY_IS']",correct,"['cross outs::CROSS_OUT', 'hint:The method chopped is the ingredient Carrots:APPLY_IS', 'hint:The method mashed is the order 2nd:APPLY_IS', 'hint:The method whole is 1 orders before the ingredient Mushrooms:APPLY_BEFORE_ONE_SPOT', 'hint:The method whole is 1 orders before the ingredient Mushrooms:BEFORE_DIFF_CAT', 'hint:The method whole is the order 1st:APPLY_IS']"
26746,hub2.3,"hub2.3:correct:['hint:The method chopped is the ingredient Carrots:APPLY_IS', 'hint:The method mashed is the order 2nd:APPLY_IS', 'hint:The method whole is 1 orders before the ingredient Mushrooms:APPLY_BEFORE_ONE_SPOT', 'hint:The method whole is 1 orders before the ingredient Mushrooms:BEFORE_DIFF_CAT', 'hint:The method whole is the order 1st:APPLY_IS', 'openings::TRANS_ABC_TRUE']",correct,"['hint:The method chopped is the ingredient Carrots:APPLY_IS', 'hint:The method mashed is the order 2nd:APPLY_IS', 'hint:The method whole is 1 orders before the ingredient Mushrooms:APPLY_BEFORE_ONE_SPOT', 'hint:The method whole is 1 orders before the ingredient Mushrooms:BEFORE_DIFF_CAT', 'hint:The method whole is the order 1st:APPLY_IS', 'openings::TRANS_ABC_TRUE']"
66077,hub2.3,"hub2.3:correct:['cross outs::CROSS_OUT', 'hint:The method chopped is the ingredient Carrots:APPLY_IS', 'hint:The method mashed is the order 2nd:APPLY_IS', 'hint:The method whole is 1 orders before the ingredient Mushrooms:APPLY_BEFORE_ONE_SPOT', 'hint:The method whole is 1 orders before the ingredient Mushrooms:BEFORE_DIFF_CAT', 'hint:The method whole is the order 1st:APPLY_IS', 'openings::TRANS_ABC_TRUE']",correct,"['cross outs::CROSS_OUT', 'hint:The method chopped is the ingredient Carrots:APPLY_IS', 'hint:The method mashed is the order 2nd:APPLY_IS', 'hint:The method whole is 1 orders before the ingredient Mushrooms:APPLY_BEFORE_ONE_SPOT', 'hint:The method whole is 1 orders before the ingredient Mushrooms:BEFORE_DIFF_CAT', 'hint:The method whole is the order 1st:APPLY_IS', 'openings::TRANS_ABC_TRUE']"
30262,hub2.3,"hub2.3:correct:['hint:The ingredient Mushrooms is 1 orders before the ingredient Potatoes:APPLY_BEFORE_ONE_SPOT', 'hint:The method chopped is the ingredient Carrots:APPLY_IS', 'hint:The method mashed is the order 2nd:APPLY_IS', 'hint:The method whole is 1 orders before the ingredient Mushrooms:APPLY_BEFORE_ONE_SPOT', 'hint:The method whole is 1 orders before the ingredient Mushrooms:BEFORE_DIFF_CAT', 'hint:The method whole is the order 1st:APPLY_IS', 'openings::TRANS_ABC_TRUE']",correct,"['hint:The ingredient Mushrooms is 1 orders before the ingredient Potatoes:APPLY_BEFORE_ONE_SPOT', 'hint:The method chopped is the ingredient Carrots:APPLY_IS', 'hint:The method mashed is the order 2nd:APPLY_IS', 'hint:The method whole is 1 orders before the ingredient Mushrooms:APPLY_BEFORE_ONE_SPOT', 'hint:The method whole is 1 orders before the ingredient Mushrooms:BEFORE_DIFF_CAT', 'hint:The method whole is the order 1st:APPLY_IS', 'openings::TRANS_ABC_TRUE']"
66775,hub2.3,"hub2.3:correct:['cross outs::CROSS_OUT', 'hint:The ingredient Mushrooms is 1 orders before the ingredient Potatoes:APPLY_BEFORE_ONE_SPOT', 'hint:The method chopped is the ingredient Carrots:APPLY_IS', 'hint:The method mashed is the order 2nd:APPLY_IS', 'hint:The method whole is 1 orders before the ingredient Mushrooms:APPLY_BEFORE_ONE_SPOT', 'hint:The method whole is 1 orders before the ingredient Mushrooms:BEFORE_DIFF_CAT', 'hint:The method whole is the order 1st:APPLY_IS', 'openings::TRANS_ABC_TRUE']",correct,"['cross outs::CROSS_OUT', 'hint:The ingredient Mushrooms is 1 orders before the ingredient Potatoes:APPLY_BEFORE_ONE_SPOT', 'hint:The method chopped is the ingredient Carrots:APPLY_IS', 'hint:The method mashed is the order 2nd:APPLY_IS', 'hint:The method whole is 1 orders before the ingredient Mushrooms:APPLY_BEFORE_ONE_SPOT', 'hint:The method whole is 1 orders before the ingredient Mushrooms:BEFORE_DIFF_CAT', 'hint:The method whole is the order 1st:APPLY_IS', 'openings::TRANS_ABC_TRUE']"
64923,hub2.3,"hub2.3:correct:['hint:The ingredient Mushrooms is 1 orders before the ingredient Potatoes:APPLY_BEFORE_ONE_SPOT', 'hint:The method chopped is the ingredient Carrots:APPLY_IS', 'hint:The method mashed is the order 2nd:APPLY_IS', 'hint:The method whole is 1 orders before the ingredient Mushrooms:APPLY_BEFORE_ONE_SPOT', 'hint:The method whole is 1 orders before the ingredient Mushrooms:BEFORE_DIFF_CAT', 'hint:The method whole is the order 1st:APPLY_IS', 'openings::TRANS_ABC_TRUE', 'openings::TRANS_SETS']",correct,"['hint:The ingredient Mushrooms is 1 orders before the ingredient Potatoes:APPLY_BEFORE_ONE_SPOT', 'hint:The method chopped is the ingredient Carrots:APPLY_IS', 'hint:The method mashed is the order 2nd:APPLY_IS', 'hint:The method whole is 1 orders before the ingredient Mushrooms:APPLY_BEFORE_ONE_SPOT', 'hint:The method whole is 1 orders before the ingredient Mushrooms:BEFORE_DIFF_CAT', 'hint:The method whole is the order 1st:APPLY_IS', 'openings::TRANS_ABC_TRUE', 'openings::TRANS_SETS']"
81327,hub2.3,"hub2.3:correct:['cross outs::CROSS_OUT', 'hint:The ingredient Mushrooms is 1 orders before the ingredient Potatoes:APPLY_BEFORE_ONE_SPOT', 'hint:The method chopped is the ingredient Carrots:APPLY_IS', 'hint:The method mashed is the order 2nd:APPLY_IS', 'hint:The method whole is 1 orders before the ingredient Mushrooms:APPLY_BEFORE_ONE_SPOT', 'hint:The method whole is 1 orders before the ingredient Mushrooms:BEFORE_DIFF_CAT', 'hint:The method whole is the order 1st:APPLY_IS', 'openings::TRANS_ABC_TRUE', 'openings::TRANS_SETS']",correct,"['cross outs::CROSS_OUT', 'hint:The ingredient Mushrooms is 1 orders before the ingredient Potatoes:APPLY_BEFORE_ONE_SPOT', 'hint:The method chopped is the ingredient Carrots:APPLY_IS', 'hint:The method mashed is the order 2nd:APPLY_IS', 'hint:The method whole is 1 orders before the ingredient Mushrooms:APPLY_BEFORE_ONE_SPOT', 'hint:The method whole is 1 orders before the ingredient Mushrooms:BEFORE_DIFF_CAT', 'hint:The method whole is the order 1st:APPLY_IS', 'openings::TRANS_ABC_TRUE', 'openings::TRANS_SETS']"
69312,spoke1.1,spoke1.1:start:['start'],start,['start']
27943,spoke1.1,spoke1.1:success:['success'],success,['success']
61662,spoke1.1,spoke1.1:failure:['failure'],failure,['failure']
85960,spoke1.1,spoke1.1:partial:['partial'],partial,['partial']
40667,spoke1.1,spoke1.1:correct:['hint:The shapes Bowtie is the order 1:APPLY_IS'],correct,['hint:The shapes Bowtie is the order 1:APPLY_IS']
94273,spoke1.1,"spoke1.1:correct:['hint:Either the shapes Bowtie or the shapes Linguine is the order 2:APPLY_OR', 'hint:The shapes Bowtie is the order 1:APPLY_IS']",correct,"['hint:Either the shapes Bowtie or the shapes Linguine is the order 2:APPLY_OR', 'hint:The shapes Bowtie is the order 1:APPLY_IS']"
90489,spoke1.1,"spoke1.1:correct:['hint:Either the shapes Bowtie or the shapes Linguine is the order 2:APPLY_OR', 'hint:The shapes Bowtie is 2 orders before the shapes Shell:APPLY_BEFORE_N_SPOTS', 'hint:The shapes Bowtie is the order 1:APPLY_IS']",correct,"['hint:Either the shapes Bowtie or the shapes Linguine is the order 2:APPLY_OR', 'hint:The shapes Bowtie is 2 orders before the shapes Shell:APPLY_BEFORE_N_SPOTS', 'hint:The shapes Bowtie is the order 1:APPLY_IS']"
33541,spoke1.1,"spoke1.1:correct:['hint:Either the shapes Bowtie or the shapes Linguine is the order 2:APPLY_OR', 'hint:The shapes Bowtie is 2 orders before the shapes Shell:APPLY_BEFORE_N_SPOTS', 'hint:The shapes Bowtie is the order 1:APPLY_IS', 'transitives::OPENING']",correct,"['hint:Either the shapes Bowtie or the shapes Linguine is the order 2:APPLY_OR', 'hint:The shapes Bowtie is 2 orders before the shapes Shell:APPLY_BEFORE_N_SPOTS', 'hint:The shapes Bowtie is the order 1:APPLY_IS', 'transitives::OPENING']"
70926,spoke1.2,spoke1.2:start:['start'],start,['start']
85051,spoke1.2,spoke1.2:success:['success'],success,['success']
91590,spoke1.2,spoke1.2:failure:['failure'],failure,['failure']
17233,spoke1.2,spoke1.2:partial:['partial'],partial,['partial']
50137,spoke1.2,spoke1.2:correct:['hint:The shapes Shell is the order 1:APPLY_IS'],correct,['hint:The shapes Shell is the order 1:APPLY_IS']
78162,spoke1.2,"spoke1.2:correct:['hint:The shapes Shell is 2 orders before the shapes Elbow:APPLY_BEFORE_N_SPOTS', 'hint:The shapes Shell is the order 1:APPLY_IS']",correct,"['hint:The shapes Shell is 2 orders before the shapes Elbow:APPLY_BEFORE_N_SPOTS', 'hint:The shapes Shell is the order 1:APPLY_IS']"
77825,spoke1.2,"spoke1.2:correct:['hint:Either the shapes Elbow is the order 3 or the shapes Linguine is the order 2:APPLY_OR', 'hint:The shapes Shell is 2 orders before the shapes Elbow:APPLY_BEFORE_N_SPOTS', 'hint:The shapes Shell is the order 1:APPLY_IS']",correct,"['hint:Either the shapes Elbow is the order 3 or the shapes Linguine is the order 2:APPLY_OR', 'hint:The shapes Shell is 2 orders before the shapes Elbow:APPLY_BEFORE_N_SPOTS', 'hint:The shapes Shell is the order 1:APPLY_IS']"
55291,spoke1.2,"spoke1.2:correct:['hint:Either the shapes Elbow is the order 3 or the shapes Linguine is the order 2:APPLY_OR', 'hint:The shapes Shell is 2 orders before the shapes Elbow:APPLY_BEFORE_N_SPOTS', 'hint:The shapes Shell is the order 1:APPLY_IS', 'transitives::OPENING']",correct,"['hint:Either the shapes Elbow is the order 3 or the shapes Linguine is the order 2:APPLY_OR', 'hint:The shapes Shell is 2 orders before the shapes Elbow:APPLY_BEFORE_N_SPOTS', 'hint:The shapes Shell is the order 1:APPLY_IS', 'transitives::OPENING']"
62264,spoke1.3,spoke1.3:start:['start'],start,['start']
33896,spoke1.3,spoke1.3:success:['success'],success,['success']
85346,spoke1.3,spoke1.3:failure:['failure'],failure,['failure']
71645,spoke1.3,spoke1.3:partial:['partial'],partial,['partial']
45334,spoke1.3,spoke1.3:correct:['hint:The order 2 is the shapes Shell:APPLY_IS'],correct,['hint:The order 2 is the shapes Shell:APPLY_IS']
53262,spoke1.3,"spoke1.3:correct:['hint:Either the shapes Elbow is the order 2 or the order 1 is the shapes Linguine:APPLY_OR', 'hint:The order 2 is the shapes Shell:APPLY_IS']",correct,"['hint:Either the shapes Elbow is the order 2 or the order 1 is the shapes Linguine:APPLY_OR', 'hint:The order 2 is the shapes Shell:APPLY_IS']"
23409,spoke1.3,"spoke1.3:correct:['hint:Either the shapes Elbow is the order 2 or the order 1 is the shapes Linguine:APPLY_OR', 'hint:The order 2 is the shapes Shell:APPLY_IS', 'hint:The shapes Shell is 2 orders before the shapes Bowtie:APPLY_BEFORE_N_SPOTS']",correct,"['hint:Either the shapes Elbow is the order 2 or the order 1 is the shapes Linguine:APPLY_OR', 'hint:The order 2 is the shapes Shell:APPLY_IS', 'hint:The shapes Shell is 2 orders before the shapes Bowtie:APPLY_BEFORE_N_SPOTS']"
28523,spoke1.3,"spoke1.3:correct:['hint:Either the shapes Elbow is the order 2 or the order 1 is the shapes Linguine:APPLY_OR', 'hint:The order 2 is the shapes Shell:APPLY_IS', 'hint:The shapes Shell is 2 orders before the shapes Bowtie:APPLY_BEFORE_N_SPOTS', 'transitives::OPENING']",correct,"['hint:Either the shapes Elbow is the order 2 or the order 1 is the shapes Linguine:APPLY_OR', 'hint:The order 2 is the shapes Shell:APPLY_IS', 'hint:The shapes Shell is 2 orders before the shapes Bowtie:APPLY_BEFORE_N_SPOTS', 'transitives::OPENING']"
95744,spoke2.1,spoke2.1:start:['start'],start,['start']
71799,spoke2.1,spoke2.1:success:['success'],success,['success']
80022,spoke2.1,spoke2.1:failure:['failure'],failure,['failure']
28287,spoke2.1,spoke2.1:partial:['partial'],partial,['partial']
92749,spoke2.1,spoke2.1:correct:['hint:The plant Eggplant was not the water 20oz:APPLY_NOT'],correct,['hint:The plant Eggplant was not the water 20oz:APPLY_NOT']
73006,spoke2.1,"spoke2.1:correct:['hint:The plant Eggplant is 2 waters before the plant Green Onions:BEFORE_N_SPOTS_NOINFO', 'hint:The plant Eggplant was not the water 20oz:APPLY_NOT']",correct,"['hint:The plant Eggplant is 2 waters before the plant Green Onions:BEFORE_N_SPOTS_NOINFO', 'hint:The plant Eggplant was not the water 20oz:APPLY_NOT']"
76843,spoke2.1,"spoke2.1:correct:['hint:The plant Eggplant is 2 waters before the plant Green Onions:APPLY_BEFORE_N_SPOTS', 'hint:The plant Eggplant is 2 waters before the plant Green Onions:BEFORE_N_SPOTS_NOINFO', 'hint:The plant Eggplant was not the water 20oz:APPLY_NOT']",correct,"['hint:The plant Eggplant is 2 waters before the plant Green Onions:APPLY_BEFORE_N_SPOTS', 'hint:The plant Eggplant is 2 waters before the plant Green Onions:BEFORE_N_SPOTS_NOINFO', 'hint:The plant Eggplant was not the water 20oz:APPLY_NOT']"
83813,spoke2.1,"spoke2.1:correct:['hint:Either the water 60oz is the plant Potatoes or the water 80oz is the plant Broccoli:APPLY_OR', 'hint:The plant Eggplant is 2 waters before the plant Green Onions:APPLY_BEFORE_N_SPOTS', 'hint:The plant Eggplant is 2 waters before the plant Green Onions:BEFORE_N_SPOTS_NOINFO', 'hint:The plant Eggplant was not the water 20oz:APPLY_NOT']",correct,"['hint:Either the water 60oz is the plant Potatoes or the water 80oz is the plant Broccoli:APPLY_OR', 'hint:The plant Eggplant is 2 waters before the plant Green Onions:APPLY_BEFORE_N_SPOTS', 'hint:The plant Eggplant is 2 waters before the plant Green Onions:BEFORE_N_SPOTS_NOINFO', 'hint:The plant Eggplant was not the water 20oz:APPLY_NOT']"
85138,spoke2.1,"spoke2.1:correct:['hint:Either the water 60oz is the plant Potatoes or the water 80oz is the plant Broccoli:APPLY_OR', 'hint:The plant Eggplant is 2 waters before the plant Green Onions:APPLY_BEFORE_N_SPOTS', 'hint:The plant Eggplant is 2 waters before the plant Green Onions:BEFORE_N_SPOTS_NOINFO', 'hint:The plant Eggplant was not the water 20oz:APPLY_NOT', 'transitives::OPENING']",correct,"['hint:Either the water 60oz is the plant Potatoes or the water 80oz is the plant Broccoli:APPLY_OR', 'hint:The plant Eggplant is 2 waters before the plant Green Onions:APPLY_BEFORE_N_SPOTS', 'hint:The plant Eggplant is 2 waters before the plant Green Onions:BEFORE_N_SPOTS_NOINFO', 'hint:The plant Eggplant was not the water 20oz:APPLY_NOT', 'transitives::OPENING']"
31002,spoke2.2,spoke2.2:start:['start'],start,['start']
66321,spoke2.2,spoke2.2:success:['success'],success,['success']
86729,spoke2.2,spoke2.2:failure:['failure'],failure,['failure']
31893,spoke2.2,spoke2.2:partial:['partial'],partial,['partial']
84921,spoke2.2,spoke2.2:correct:['unknown::None'],correct,['unknown::None']
36494,spoke2.2,spoke2.2:correct:['hint:Either the plant Green Onions is the water 40oz or the plant Potatoes is the water 20oz:APPLY_OR'],correct,['hint:Either the plant Green Onions is the water 40oz or the plant Potatoes is the water 20oz:APPLY_OR']
35321,spoke2.2,"spoke2.2:correct:['hint:Either the plant Green Onions is the water 40oz or the plant Potatoes is the water 20oz:APPLY_OR', 'hint:Either the plant Potatoes is the water 20oz or the plant Broccoli is the water 40oz:APPLY_OR']",correct,"['hint:Either the plant Green Onions is the water 40oz or the plant Potatoes is the water 20oz:APPLY_OR', 'hint:Either the plant Potatoes is the water 20oz or the plant Broccoli is the water 40oz:APPLY_OR']"
28024,spoke2.2,"spoke2.2:correct:['cross outs::CROSS_OUT', 'hint:Either the plant Green Onions is the water 40oz or the plant Potatoes is the water 20oz:APPLY_OR', 'hint:Either the plant Potatoes is the water 20oz or the plant Broccoli is the water 40oz:APPLY_OR']",correct,"['cross outs::CROSS_OUT', 'hint:Either the plant Green Onions is the water 40oz or the plant Potatoes is the water 20oz:APPLY_OR', 'hint:Either the plant Potatoes is the water 20oz or the plant Broccoli is the water 40oz:APPLY_OR']"
50299,spoke2.2,"spoke2.2:correct:['hint:Either the plant Green Onions is the water 40oz or the plant Potatoes is the water 20oz:APPLY_OR', 'hint:Either the plant Potatoes is the water 20oz or the plant Broccoli is the water 40oz:APPLY_OR', 'hint:The plant Eggplant is 2 waters before the plant Broccoli:APPLY_BEFORE_N_SPOTS']",correct,"['hint:Either the plant Green Onions is the water 40oz or the plant Potatoes is the water 20oz:APPLY_OR', 'hint:Either the plant Potatoes is the water 20oz or the plant Broccoli is the water 40oz:APPLY_OR', 'hint:The plant Eggplant is 2 waters before the plant Broccoli:APPLY_BEFORE_N_SPOTS']"
74859,spoke2.2,"spoke2.2:correct:['hint:Either the plant Green Onions is the water 40oz or the plant Potatoes is the water 20oz:APPLY_OR', 'hint:Either the plant Potatoes is the water 20oz or the plant Broccoli is the water 40oz:APPLY_OR', 'hint:The plant Eggplant is 2 waters before the plant Broccoli:APPLY_BEFORE_N_SPOTS', 'transitives::OPENING']",correct,"['hint:Either the plant Green Onions is the water 40oz or the plant Potatoes is the water 20oz:APPLY_OR', 'hint:Either the plant Potatoes is the water 20oz or the plant Broccoli is the water 40oz:APPLY_OR', 'hint:The plant Eggplant is 2 waters before the plant Broccoli:APPLY_BEFORE_N_SPOTS', 'transitives::OPENING']"
39526,spoke2.3,spoke2.3:start:['start'],start,['start']
64921,spoke2.3,spoke2.3:success:['success'],success,['success']
18572,spoke2.3,spoke2.3:failure:['failure'],failure,['failure']
37729,spoke2.3,spoke2.3:partial:['partial'],partial,['partial']
27107,spoke2.3,spoke2.3:correct:['hint:The plant Broccoli is 2 waters before the plant Green Onions:BEFORE_N_SPOTS_NOINFO'],correct,['hint:The plant Broccoli is 2 waters before the plant Green Onions:BEFORE_N_SPOTS_NOINFO']
31584,spoke2.3,"spoke2.3:correct:['hint:Either the plant Broccoli is the water 80oz or the water 80oz is the plant Eggplant:APPLY_OR', 'hint:The plant Broccoli is 2 waters before the plant Green Onions:BEFORE_N_SPOTS_NOINFO']",correct,"['hint:Either the plant Broccoli is the water 80oz or the water 80oz is the plant Eggplant:APPLY_OR', 'hint:The plant Broccoli is 2 waters before the plant Green Onions:BEFORE_N_SPOTS_NOINFO']"
38983,spoke2.3,"spoke2.3:correct:['cross outs::CROSS_OUT', 'hint:Either the plant Broccoli is the water 80oz or the water 80oz is the plant Eggplant:APPLY_OR', 'hint:The plant Broccoli is 2 waters before the plant Green Onions:BEFORE_N_SPOTS_NOINFO']",correct,"['cross outs::CROSS_OUT', 'hint:Either the plant Broccoli is the water 80oz or the water 80oz is the plant Eggplant:APPLY_OR', 'hint:The plant Broccoli is 2 waters before the plant Green Onions:BEFORE_N_SPOTS_NOINFO']"
74391,spoke2.3,"spoke2.3:correct:['hint:Either the plant Broccoli is the water 80oz or the water 80oz is the plant Eggplant:APPLY_OR', 'hint:The plant Broccoli is 2 waters before the plant Green Onions:BEFORE_N_SPOTS_NOINFO', 'transitives::OPENING']",correct,"['hint:Either the plant Broccoli is the water 80oz or the water 80oz is the plant Eggplant:APPLY_OR', 'hint:The plant Broccoli is 2 waters before the plant Green Onions:BEFORE_N_SPOTS_NOINFO', 'transitives::OPENING']"
60093,spoke2.3,"spoke2.3:correct:['hint:Either the plant Broccoli is the water 80oz or the water 80oz is the plant Eggplant:APPLY_OR', 'hint:Either the plant Potatoes or the plant Eggplant is the water 40oz:APPLY_OR', 'hint:The plant Broccoli is 2 waters before the plant Green Onions:BEFORE_N_SPOTS_NOINFO']",correct,"['hint:Either the plant Broccoli is the water 80oz or the water 80oz is the plant Eggplant:APPLY_OR', 'hint:Either the plant Potatoes or the plant Eggplant is the water 40oz:APPLY_OR', 'hint:The plant Broccoli is 2 waters before the plant Green Onions:BEFORE_N_SPOTS_NOINFO']"
68504,spoke2.3,"spoke2.3:correct:['cross outs::CROSS_OUT', 'hint:Either the plant Broccoli is the water 80oz or the water 80oz is the plant Eggplant:APPLY_OR', 'hint:Either the plant Potatoes or the plant Eggplant is the water 40oz:APPLY_OR', 'hint:The plant Broccoli is 2 waters before the plant Green Onions:BEFORE_N_SPOTS_NOINFO']",correct,"['cross outs::CROSS_OUT', 'hint:Either the plant Broccoli is the water 80oz or the water 80oz is the plant Eggplant:APPLY_OR', 'hint:Either the plant Potatoes or the plant Eggplant is the water 40oz:APPLY_OR', 'hint:The plant Broccoli is 2 waters before the plant Green Onions:BEFORE_N_SPOTS_NOINFO']"
