Source,Target,UserId,MoveNumber,UserSuccess,SolverValue,MoveValue,LabeledInsight,PromptMode,LevelMode
20145,75664,e1_kf,0,success,insight,correct,APPLY_IS,,
75664,91027,e1_kf,1,success,insight,correct,APPLY_OR,,
91027,10278,e1_kf,2,success,insight,correct,APPLY_BEFORE_N_SPOTS,,
10278,63134,e1_kf,3,success,insight,correct,OPENING,,
63134,28405,e1_kf,4,success,,,,,
54023,29380,e1_kf,0,success,insight,correct,SIMPLE_OR_SAME_CAT,,
29380,95321,e1_kf,1,success,insight,correct,BEFORE_N_SPOTS_NOINFO,,
95321,95321,e1_kf,2,success,insight,correct,BEFORE_N_SPOTS_NOINFO,,
95321,77241,e1_kf,3,success,insight,correct,BEFORE_N_SPOTS_NOINFO,,
77241,77241,e1_kf,4,success,insight,correct,BEFORE_N_SPOTS_NOINFO,,
77241,59157,e1_kf,5,success,insight,correct,OPENING,,
59157,54302,e1_kf,6,success,insight,correct,CROSS_OUT,,
54302,54302,e1_kf,7,success,insight,correct,CROSS_OUT,,
54302,54302,e1_kf,8,success,insight,correct,CROSS_OUT,,
54302,72591,e1_kf,9,success,insight,correct,OPENING,,
72591,92785,e1_kf,10,success,insight,correct,OPENING,,
92785,92785,e1_kf,11,success,insight,correct,OPENING,,
92785,40578,e1_kf,12,success,,,,,
64024,53573,e1_kf,0,success,insight,correct,APPLY_IS,,
53573,56077,e1_kf,1,success,insight,correct,CROSS_OUT,,
56077,56077,e1_kf,2,success,insight,correct,CROSS_OUT,,
56077,56077,e1_kf,3,success,insight,correct,CROSS_OUT,,
56077,56077,e1_kf,4,success,insight,correct,CROSS_OUT,,
56077,56077,e1_kf,5,success,insight,correct,CROSS_OUT,,
56077,56077,e1_kf,6,success,insight,correct,CROSS_OUT,,
56077,10531,e1_kf,7,success,insight,correct,BEFORE_N_SPOTS_NOINFO,,
10531,26278,e1_kf,8,success,insight,correct,OPENING,,
26278,20769,e1_kf,9,success,insight,correct,CROSS_OUT,,
20769,20769,e1_kf,10,success,insight,correct,CROSS_OUT,,
20769,92760,e1_kf,11,success,insight,correct,OPENING,,
92760,88314,e1_kf,12,success,insight,correct,OPENING,,
88314,74614,e1_kf,13,success,,,,,
64541,64346,e1_kf,0,success,insight,correct,APPLY_IS,,
64346,91645,e1_kf,1,success,insight,correct,CROSS_OUT,,
91645,91645,e1_kf,2,success,insight,correct,CROSS_OUT,,
91645,91645,e1_kf,3,success,insight,correct,CROSS_OUT,,
91645,91645,e1_kf,4,success,insight,correct,CROSS_OUT,,
91645,91645,e1_kf,5,success,insight,correct,CROSS_OUT,,
91645,91645,e1_kf,6,success,insight,correct,CROSS_OUT,,
91645,89487,e1_kf,7,success,insight,correct,BEFORE_N_SPOTS_NOINFO,,
89487,98141,e1_kf,8,success,insight,correct,OPENING,,
98141,63693,e1_kf,9,success,insight,correct,CROSS_OUT,,
63693,59195,e1_kf,10,success,insight,correct,OPENING,,
59195,63693,e1_kf,11,success,insight,correct,CROSS_OUT,,
63693,63693,e1_kf,12,success,insight,correct,CROSS_OUT,,
63693,59085,e1_kf,13,success,insight,correct,OPENING,,
59085,30642,e1_kf,14,success,,,,,
67843,10782,e1_kf,0,success,insight,correct,APPLY_IS,,
10782,92133,e1_kf,1,success,unknown-correct,correct,,,
92133,36531,e1_kf,2,success,insight,correct,OPENING,,
36531,52583,e1_kf,3,success,insight,correct,OPENING,,
52583,64424,e1_kf,4,success,,,,,
27829,59546,e1_kf,0,success,insight,correct,APPLY_IS,,
59546,12754,e1_kf,1,success,insight,correct,APPLY_OR,,
12754,42312,e1_kf,2,success,insight,correct,OPENING,,
42312,45021,e1_kf,3,success,insight,correct,OPENING,,
45021,67627,e1_kf,4,success,,,,,
67779,59800,e1_kf,0,success,insight,correct,APPLY_IS,,
59800,60720,e1_kf,1,success,insight,correct,CROSS_OUT,,
60720,60720,e1_kf,2,success,insight,correct,CROSS_OUT,,
60720,60720,e1_kf,3,success,insight,correct,CROSS_OUT,,
60720,60720,e1_kf,4,success,insight,correct,CROSS_OUT,,
60720,60720,e1_kf,5,success,insight,correct,CROSS_OUT,,
60720,60720,e1_kf,6,success,insight,correct,CROSS_OUT,,
60720,94055,e1_kf,7,success,insight,correct,BEFORE_NOINFO,,
94055,56986,e1_kf,8,success,insight,correct,OPENING,,
56986,56986,e1_kf,9,success,insight,correct,OPENING,,
56986,37512,e1_kf,10,success,insight,correct,CROSS_OUT,,
37512,37512,e1_kf,11,success,insight,correct,CROSS_OUT,,
37512,37512,e1_kf,12,success,insight,correct,CROSS_OUT,,
37512,97621,e1_kf,13,success,insight,correct,OPENING,,
97621,37512,e1_kf,14,success,insight,correct,CROSS_OUT,,
37512,37512,e1_kf,15,success,insight,correct,CROSS_OUT,,
37512,22539,e1_kf,16,success,insight,correct,BEFORE_N_SPOTS_NOINFO,,
22539,22539,e1_kf,17,success,insight,correct,BEFORE_N_SPOTS_NOINFO,,
22539,22539,e1_kf,18,success,insight,correct,BEFORE_N_SPOTS_NOINFO,,
22539,22539,e1_kf,19,success,insight,correct,BEFORE_N_SPOTS_NOINFO,,
22539,66207,e1_kf,20,success,insight,correct,BEFORE_N_SPOTS_NOINFO,,
66207,92622,e1_kf,21,success,insight,correct,OPENING,,
92622,13453,e1_kf,22,success,insight,correct,CROSS_OUT,,
13453,13453,e1_kf,23,success,insight,correct,CROSS_OUT,,
13453,54112,e1_kf,24,success,unknown-incorrect,incorrect,,,
54112,58811,e1_kf,25,success,insight,correct,OPENING,,
58811,58811,e1_kf,26,success,insight,incorrect,OPENING,,
58811,80833,e1_kf,27,success,insight,correct,OPENING,,
80833,35125,e1_kf,28,success,insight,correct,BEFORE_N_SPOTS_SHIFT,,
35125,60247,e1_kf,29,success,unknown-correct,correct,,,
60247,28757,e1_kf,30,success,insight,correct,OPENING,,
28757,47587,e1_kf,31,success,,,,,
98964,70101,e1_kf,0,success,insight,correct,BEFORE_N_SPOTS_NOINFO,,
70101,70101,e1_kf,1,success,insight,correct,BEFORE_N_SPOTS_NOINFO,,
70101,73471,e1_kf,2,success,insight,correct,SIMPLE_OR_DIFF_CAT,,
73471,24694,e1_kf,3,success,insight,correct,BEFORE_N_SPOTS_NOINFO,,
24694,24694,e1_kf,4,success,insight,correct,BEFORE_N_SPOTS_NOINFO,,
24694,24694,e1_kf,5,success,insight,correct,BEFORE_N_SPOTS_NOINFO,,
24694,24694,e1_kf,6,success,insight,correct,BEFORE_N_SPOTS_NOINFO,,
24694,31992,e1_kf,7,success,insight,correct,BEFORE_N_SPOTS_NOINFO,,
31992,31992,e1_kf,8,success,insight,correct,BEFORE_N_SPOTS_NOINFO,,
31992,31992,e1_kf,9,success,insight,correct,BEFORE_N_SPOTS_NOINFO,,
31992,63063,e1_kf,10,success,insight,correct,OPENING,,
63063,67649,e1_kf,11,success,insight,correct,OPENING,,
67649,85936,e1_kf,12,success,insight,correct,CROSS_OUT,,
85936,85936,e1_kf,13,success,insight,correct,CROSS_OUT,,
85936,85936,e1_kf,14,success,insight,correct,CROSS_OUT,,
85936,85936,e1_kf,15,success,insight,correct,CROSS_OUT,,
85936,84000,e1_kf,16,success,insight,correct,APPLY_OR,,
84000,99733,e1_kf,17,success,insight,correct,OPENING,,
99733,27395,e1_kf,18,success,insight,correct,CROSS_OUT,,
27395,27395,e1_kf,19,success,insight,correct,CROSS_OUT,,
27395,10710,e1_kf,20,success,insight,correct,OPENING,,
10710,16504,e1_kf,21,success,insight,correct,TRANS_ABC_TRUE,,
16504,52424,e1_kf,22,success,insight,correct,CROSS_OUT,,
52424,52424,e1_kf,23,success,insight,correct,CROSS_OUT,,
52424,15099,e1_kf,24,success,insight,correct,OPENING,,
15099,52424,e1_kf,25,success,insight,correct,CROSS_OUT,,
52424,52424,e1_kf,26,success,insight,correct,CROSS_OUT,,
52424,34201,e1_kf,27,success,insight,correct,OPENING,,
34201,23155,e1_kf,28,success,insight,correct,OPENING,,
23155,51168,e1_kf,29,success,,,,,
57905,93419,e1_kf,0,success,insight,correct,APPLY_NOT,,
93419,61674,e1_kf,1,success,insight,correct,APPLY_IS,,
61674,44770,e1_kf,2,success,insight,correct,CROSS_OUT,,
44770,44770,e1_kf,3,success,insight,correct,CROSS_OUT,,
44770,44770,e1_kf,4,success,insight,correct,CROSS_OUT,,
44770,44770,e1_kf,5,success,insight,correct,CROSS_OUT,,
44770,44770,e1_kf,6,success,insight,correct,CROSS_OUT,,
44770,44770,e1_kf,7,success,insight,correct,CROSS_OUT,,
44770,35687,e1_kf,8,success,insight,correct,APPLY_OR,,
35687,10260,e1_kf,9,success,insight,correct,OPENING,,
10260,10260,e1_kf,10,success,insight,correct,OPENING,,
10260,41116,e1_kf,11,success,,,,,
67234,32471,e1_kf,0,success,insight,correct,APPLY_NOT,,
32471,86556,e1_kf,1,success,insight,correct,APPLY_IS,,
86556,10263,e1_kf,2,success,insight,correct,CROSS_OUT,,
10263,34133,e1_kf,3,success,insight,correct,APPLY_OR,,
34133,84494,e1_kf,4,success,insight,correct,CROSS_OUT,,
84494,84494,e1_kf,5,success,insight,correct,CROSS_OUT,,
84494,84494,e1_kf,6,success,insight,correct,CROSS_OUT,,
84494,84494,e1_kf,7,success,insight,correct,CROSS_OUT,,
84494,84494,e1_kf,8,success,insight,correct,CROSS_OUT,,
84494,84494,e1_kf,9,success,insight,correct,CROSS_OUT,,
84494,84494,e1_kf,10,success,insight,correct,CROSS_OUT,,
84494,55167,e1_kf,11,success,insight,correct,OPENING,,
55167,34670,e1_kf,12,success,insight,correct,OPENING,,
34670,41155,e1_kf,13,success,,,,,
96285,76694,e1_kf,0,success,insight,correct,APPLY_IS,,
76694,84669,e1_kf,1,success,insight,correct,APPLY_NOT,,
84669,89888,e1_kf,2,success,insight,correct,CROSS_OUT,,
89888,89888,e1_kf,3,success,insight,correct,CROSS_OUT,,
89888,89888,e1_kf,4,success,insight,correct,CROSS_OUT,,
89888,89888,e1_kf,5,success,insight,correct,CROSS_OUT,,
89888,89888,e1_kf,6,success,insight,correct,CROSS_OUT,,
89888,89888,e1_kf,7,success,insight,correct,CROSS_OUT,,
89888,32153,e1_kf,8,success,insight,correct,APPLY_OR,,
32153,26535,e1_kf,9,success,insight,correct,CROSS_OUT,,
26535,26535,e1_kf,10,success,insight,correct,CROSS_OUT,,
26535,15154,e1_kf,11,success,insight,correct,OPENING,,
15154,53443,e1_kf,12,success,insight,correct,OPENING,,
53443,36097,e1_kf,13,success,,,,,
67714,27056,e1_kf,0,success,insight,correct,SIMPLE_OR_SAME_CAT,,
27056,27056,e1_kf,1,success,insight,correct,SIMPLE_OR_SAME_CAT,,
27056,86368,e1_kf,2,success,insight,correct,APPLY_OR,,
86368,59621,e1_kf,3,success,insight,correct,CROSS_OUT,,
59621,59621,e1_kf,4,success,insight,correct,CROSS_OUT,,
59621,59621,e1_kf,5,success,insight,correct,CROSS_OUT,,
59621,59621,e1_kf,6,success,insight,correct,CROSS_OUT,,
59621,59621,e1_kf,7,success,insight,correct,CROSS_OUT,,
59621,21088,e1_kf,8,success,insight,correct,APPLY_OR,,
21088,18985,e1_kf,9,success,insight,correct,CROSS_OUT,,
18985,18985,e1_kf,10,success,insight,correct,CROSS_OUT,,
18985,65418,e1_kf,11,success,insight,correct,OPENING,,
65418,18420,e1_kf,12,success,insight,correct,OPENING,,
18420,94882,e1_kf,13,success,,,,,
63642,15947,e1_kf,0,success,insight,correct,APPLY_IS,,
15947,13944,e1_kf,1,success,insight,correct,CROSS_OUT,,
13944,13944,e1_kf,2,success,insight,correct,CROSS_OUT,,
13944,13944,e1_kf,3,success,insight,correct,CROSS_OUT,,
13944,13944,e1_kf,4,success,insight,correct,CROSS_OUT,,
13944,13944,e1_kf,5,success,insight,correct,CROSS_OUT,,
13944,13944,e1_kf,6,success,insight,correct,CROSS_OUT,,
13944,20200,e1_kf,7,success,insight,correct,SIMPLE_OR_SAME_CAT,,
20200,89607,e1_kf,8,success,insight,correct,SIMPLE_OR_SAME_CAT,,
89607,66908,e1_kf,9,success,insight,correct,OPENING,,
66908,76561,e1_kf,10,success,insight,correct,CROSS_OUT,,
76561,58281,e1_kf,11,success,insight,correct,OPENING,,
58281,66966,e1_kf,12,success,insight,correct,OPENING,,
66966,62387,e1_kf,13,success,,,,,
58748,57769,e1_kf,0,success,insight,correct,APPLY_IS,,
57769,53660,e1_kf,1,success,insight,correct,CROSS_OUT,,
53660,53660,e1_kf,2,success,insight,correct,CROSS_OUT,,
53660,53660,e1_kf,3,success,insight,correct,CROSS_OUT,,
53660,53660,e1_kf,4,success,insight,correct,CROSS_OUT,,
53660,53660,e1_kf,5,success,insight,correct,CROSS_OUT,,
53660,53660,e1_kf,6,success,insight,correct,CROSS_OUT,,
53660,59054,e1_kf,7,success,insight,correct,SIMPLE_OR_SAME_CAT,,
59054,28125,e1_kf,8,success,insight,correct,OPENING,,
28125,33232,e1_kf,9,success,insight,correct,SIMPLE_OR_SAME_CAT,,
33232,10717,e1_kf,10,success,insight,correct,OPENING,,
10717,21158,e1_kf,11,success,insight,correct,CROSS_OUT,,
21158,21158,e1_kf,12,success,insight,correct,CROSS_OUT,,
21158,38837,e1_kf,13,success,insight,correct,OPENING,,
38837,55164,e1_kf,14,success,,,,,
21807,50100,e1_kf,0,success,insight,correct,APPLY_IS,,
50100,68430,e1_kf,1,success,insight,correct,CROSS_OUT,,
68430,68430,e1_kf,2,success,insight,correct,CROSS_OUT,,
68430,68430,e1_kf,3,success,insight,correct,CROSS_OUT,,
68430,68731,e1_kf,4,success,unknown-correct,correct,,,
68731,68731,e1_kf,5,success,unknown-correct,correct,,,
68731,19000,e1_kf,6,success,unknown-incorrect,incorrect,,,
19000,19000,e1_kf,7,success,unknown-incorrect,incorrect,,,
19000,19000,e1_kf,8,success,unknown-incorrect,incorrect,,,
19000,68731,e1_kf,9,success,unknown-correct,correct,,,
68731,68430,e1_kf,10,success,insight,correct,CROSS_OUT,,
68430,68430,e1_kf,11,success,insight,correct,CROSS_OUT,,
68430,68430,e1_kf,12,success,insight,correct,CROSS_OUT,,
68430,53888,e1_kf,13,success,insight,correct,SIMPLE_OR_SAME_CAT,,
53888,53888,e1_kf,14,success,insight,correct,SIMPLE_OR_SAME_CAT,,
53888,59558,e1_kf,15,success,insight,correct,BEFORE_N_SPOTS_NOINFO,,
59558,59558,e1_kf,16,success,insight,correct,BEFORE_N_SPOTS_NOINFO,,
59558,59558,e1_kf,17,success,insight,correct,BEFORE_N_SPOTS_NOINFO,,
59558,59558,e1_kf,18,success,insight,correct,BEFORE_N_SPOTS_NOINFO,,
59558,20240,e1_kf,19,success,insight,correct,BEFORE_N_SPOTS_NOINFO,,
20240,20240,e1_kf,20,success,insight,correct,BEFORE_N_SPOTS_NOINFO,,
20240,26639,e1_kf,21,success,insight,correct,TRANS_SETS,,
26639,20401,e1_kf,22,success,insight,correct,OPENING,,
20401,95407,e1_kf,23,success,insight,correct,CROSS_OUT,,
95407,95407,e1_kf,24,success,insight,correct,CROSS_OUT,,
95407,84931,e1_kf,25,success,insight,correct,TRANS_ABC_TRUE,,
84931,69870,e1_kf,26,success,insight,correct,CROSS_OUT,,
69870,69870,e1_kf,27,success,insight,correct,CROSS_OUT,,
69870,69870,e1_kf,28,success,insight,correct,CROSS_OUT,,
69870,69870,e1_kf,29,success,insight,correct,CROSS_OUT,,
69870,49017,e1_kf,30,success,insight,correct,APPLY_OR,,
49017,58492,e1_kf,31,success,insight,correct,CROSS_OUT,,
58492,58492,e1_kf,32,success,insight,correct,CROSS_OUT,,
58492,58492,e1_kf,33,success,insight,correct,CROSS_OUT,,
58492,58492,e1_kf,34,success,insight,correct,CROSS_OUT,,
58492,58747,e1_kf,35,success,insight,correct,APPLY_BEFORE_N_SPOTS,,
58747,93312,e1_kf,36,success,insight,correct,CROSS_OUT,,
93312,93312,e1_kf,37,success,insight,correct,CROSS_OUT,,
93312,93312,e1_kf,38,success,insight,correct,CROSS_OUT,,
93312,58747,e1_kf,39,success,insight,correct,TRANS_SETS,,
58747,12582,e1_kf,40,success,insight,correct,OPENING,,
12582,93312,e1_kf,41,success,insight,correct,CROSS_OUT,,
93312,64966,e1_kf,42,success,insight,correct,OPENING,,
64966,93312,e1_kf,43,success,insight,correct,CROSS_OUT,,
93312,93312,e1_kf,44,success,insight,correct,CROSS_OUT,,
93312,12582,e1_kf,45,success,insight,correct,OPENING,,
12582,17980,e1_kf,46,success,insight,correct,OPENING,,
17980,21219,e1_kf,47,success,insight,correct,OPENING,,
21219,93873,e1_kf,48,success,,,,,
24303,63687,e1_kf,0,success,insight,correct,APPLY_IS,,
63687,63143,e1_kf,1,success,insight,correct,APPLY_IS,,
63143,53262,e1_kf,2,success,insight,correct,APPLY_IS,,
53262,40599,e1_kf,3,success,insight,correct,CROSS_OUT,,
40599,40599,e1_kf,4,success,insight,correct,CROSS_OUT,,
40599,40599,e1_kf,5,success,insight,correct,CROSS_OUT,,
40599,40599,e1_kf,6,success,insight,correct,CROSS_OUT,,
40599,40599,e1_kf,7,success,insight,correct,CROSS_OUT,,
40599,40599,e1_kf,8,success,insight,correct,CROSS_OUT,,
40599,40599,e1_kf,9,success,insight,correct,CROSS_OUT,,
40599,40599,e1_kf,10,success,insight,correct,CROSS_OUT,,
40599,40599,e1_kf,11,success,insight,correct,CROSS_OUT,,
40599,40599,e1_kf,12,success,insight,correct,CROSS_OUT,,
40599,40599,e1_kf,13,success,insight,correct,CROSS_OUT,,
40599,40599,e1_kf,14,success,insight,correct,CROSS_OUT,,
40599,40599,e1_kf,15,success,insight,correct,CROSS_OUT,,
40599,40599,e1_kf,16,success,insight,correct,CROSS_OUT,,
40599,40599,e1_kf,17,success,insight,correct,CROSS_OUT,,
40599,40599,e1_kf,18,success,insight,correct,CROSS_OUT,,
40599,40599,e1_kf,19,success,insight,correct,CROSS_OUT,,
40599,40599,e1_kf,20,success,insight,correct,CROSS_OUT,,
40599,44971,e1_kf,21,success,insight,correct,BEFORE_N_SPOTS_SHIFT,,
44971,18524,e1_kf,22,success,insight,correct,BEFORE_NOINFO,,
18524,39828,e1_kf,23,success,insight,correct,BEFORE_N_SPOTS_SHIFT,,
39828,38203,e1_kf,24,success,insight,correct,BEFORE_NOINFO,,
38203,64798,e1_kf,25,success,insight,correct,TRANS_ABC_TRUE,,
64798,32142,e1_kf,26,success,insight,correct,CROSS_OUT,,
32142,32142,e1_kf,27,success,insight,correct,CROSS_OUT,,
32142,32142,e1_kf,28,success,insight,correct,CROSS_OUT,,
32142,32142,e1_kf,29,success,insight,correct,CROSS_OUT,,
32142,40526,e1_kf,30,success,insight,correct,TRANS_SETS,,
40526,74425,e1_kf,31,success,insight,correct,OPENING,,
74425,36598,e1_kf,32,success,insight,correct,CROSS_OUT,,
36598,36598,e1_kf,33,success,insight,correct,CROSS_OUT,,
36598,74425,e1_kf,34,success,insight,correct,OPENING,,
74425,36598,e1_kf,35,success,insight,correct,CROSS_OUT,,
36598,74425,e1_kf,36,success,insight,correct,OPENING,,
74425,40526,e1_kf,37,success,insight,correct,TRANS_SETS,,
40526,74425,e1_kf,38,success,insight,correct,OPENING,,
74425,36598,e1_kf,39,success,insight,correct,CROSS_OUT,,
36598,74425,e1_kf,40,success,insight,correct,OPENING,,
74425,68873,e1_kf,41,success,,,,,
39063,61958,e1_kf,0,success,insight,correct,APPLY_IS,,
61958,15176,e1_kf,1,success,insight,correct,APPLY_IS,,
15176,76345,e1_kf,2,success,insight,correct,APPLY_IS,,
76345,67485,e1_kf,3,success,insight,correct,CROSS_OUT,,
67485,67485,e1_kf,4,success,insight,correct,CROSS_OUT,,
67485,67485,e1_kf,5,success,insight,correct,CROSS_OUT,,
67485,67485,e1_kf,6,success,insight,correct,CROSS_OUT,,
67485,67485,e1_kf,7,success,insight,correct,CROSS_OUT,,
67485,67485,e1_kf,8,success,insight,correct,CROSS_OUT,,
67485,67485,e1_kf,9,success,insight,correct,CROSS_OUT,,
67485,67485,e1_kf,10,success,insight,correct,CROSS_OUT,,
67485,67485,e1_kf,11,success,insight,correct,CROSS_OUT,,
67485,67485,e1_kf,12,success,insight,correct,CROSS_OUT,,
67485,67485,e1_kf,13,success,insight,correct,CROSS_OUT,,
67485,67485,e1_kf,14,success,insight,correct,CROSS_OUT,,
67485,67485,e1_kf,15,success,insight,correct,CROSS_OUT,,
67485,67485,e1_kf,16,success,insight,correct,CROSS_OUT,,
67485,67485,e1_kf,17,success,insight,correct,CROSS_OUT,,
67485,67485,e1_kf,18,success,insight,correct,CROSS_OUT,,
67485,47403,e1_kf,19,success,insight,correct,BEFORE_DIFF_CAT,,
47403,65085,e1_kf,20,success,insight,correct,APPLY_BEFORE_ONE_SPOT,,
65085,35502,e1_kf,21,success,insight,correct,CROSS_OUT,,
35502,35502,e1_kf,22,success,insight,correct,CROSS_OUT,,
35502,35502,e1_kf,23,success,insight,correct,CROSS_OUT,,
35502,35502,e1_kf,24,success,insight,correct,CROSS_OUT,,
35502,35502,e1_kf,25,success,insight,correct,CROSS_OUT,,
35502,35502,e1_kf,26,success,insight,correct,CROSS_OUT,,
35502,53873,e1_kf,27,success,insight,correct,OPENING,,
53873,35502,e1_kf,28,success,insight,correct,CROSS_OUT,,
35502,35502,e1_kf,29,success,insight,correct,CROSS_OUT,,
35502,35502,e1_kf,30,success,insight,correct,CROSS_OUT,,
35502,14314,e1_kf,31,success,insight,correct,APPLY_BEFORE_ONE_SPOT,,
14314,11645,e1_kf,32,success,insight,correct,CROSS_OUT,,
11645,11645,e1_kf,33,success,insight,correct,CROSS_OUT,,
11645,11645,e1_kf,34,success,insight,correct,CROSS_OUT,,
11645,11645,e1_kf,35,success,insight,correct,CROSS_OUT,,
11645,77051,e1_kf,36,success,insight,correct,OPENING,,
77051,11645,e1_kf,37,success,insight,correct,CROSS_OUT,,
11645,96312,e1_kf,38,success,insight,correct,OPENING,,
96312,11645,e1_kf,39,success,insight,correct,CROSS_OUT,,
11645,77051,e1_kf,40,success,insight,correct,OPENING,,
77051,56081,e1_kf,41,success,insight,correct,OPENING,,
56081,27213,e1_kf,42,success,,,,,
40887,34059,e1_kf,0,success,insight,correct,APPLY_IS,,
34059,55117,e1_kf,1,success,insight,correct,APPLY_OR,,
55117,82119,e1_kf,2,success,insight,correct,APPLY_BEFORE_N_SPOTS,,
82119,86341,e1_kf,3,success,insight,correct,OPENING,,
86341,70600,e1_kf,4,success,,,,,
91097,28730,e1_kf,0,success,insight,correct,APPLY_IS,,
28730,22003,e1_kf,1,success,insight,correct,APPLY_BEFORE_N_SPOTS,,
22003,78622,e1_kf,2,success,insight,correct,APPLY_OR,,
78622,53347,e1_kf,3,success,insight,correct,OPENING,,
53347,53347,e1_kf,4,success,insight,correct,OPENING,,
53347,24353,e1_kf,5,success,,,,,
29988,32565,e1_kf,0,success,insight,correct,APPLY_IS,,
32565,83268,e1_kf,1,success,insight,correct,APPLY_OR,,
83268,91933,e1_kf,2,success,insight,correct,OPENING,,
91933,24677,e1_kf,3,success,insight,correct,OPENING,,
24677,18628,e1_kf,4,success,,,,,
35530,45052,e1_kf,0,success,insight,correct,APPLY_NOT,,
45052,73015,e1_kf,1,success,insight,correct,OPENING,,
73015,40273,e1_kf,2,success,insight,correct,APPLY_BEFORE_N_SPOTS,,
40273,19242,e1_kf,3,success,insight,correct,APPLY_OR,,
19242,64234,e1_kf,4,success,insight,correct,OPENING,,
64234,43787,e1_kf,5,success,,,,,
25044,47219,e1_kf,0,success,unknown-correct,correct,,,
47219,73879,e1_kf,1,success,insight,correct,APPLY_OR,,
73879,49622,e1_kf,2,success,insight,correct,APPLY_OR,,
49622,28194,e1_kf,3,success,insight,correct,OPENING,,
28194,49737,e1_kf,4,success,insight,correct,OPENING,,
49737,54006,e1_kf,5,success,insight,correct,OPENING,,
54006,55821,e1_kf,6,success,,,,,
83584,53633,e1_kf,0,success,insight,correct,BEFORE_N_SPOTS_NOINFO,,
53633,53633,e1_kf,1,success,insight,correct,BEFORE_N_SPOTS_NOINFO,,
53633,53633,e1_kf,2,success,insight,correct,BEFORE_N_SPOTS_NOINFO,,
53633,53633,e1_kf,3,success,insight,correct,BEFORE_N_SPOTS_NOINFO,,
53633,92449,e1_kf,4,success,insight,correct,APPLY_OR,,
92449,33330,e1_kf,5,success,insight,correct,CROSS_OUT,,
33330,33330,e1_kf,6,success,insight,correct,CROSS_OUT,,
33330,33330,e1_kf,7,success,insight,correct,CROSS_OUT,,
33330,33330,e1_kf,8,success,insight,correct,CROSS_OUT,,
33330,33330,e1_kf,9,success,insight,correct,CROSS_OUT,,
33330,79423,e1_kf,10,success,insight,correct,OPENING,,
79423,33330,e1_kf,11,success,insight,correct,CROSS_OUT,,
33330,53935,e1_kf,12,success,insight,correct,OPENING,,
53935,45776,e1_kf,13,success,insight,correct,OPENING,,
45776,53006,e1_kf,14,success,,,,,
